GPRMC,utc时间:01时32分38秒  正确纬度:40度47分  正确经度:111度41分  正确日期:2017年05月10日
GPGGA,utc时间:01时32分38秒  正确纬度:40度47分  正确经度:111度41分  卫星05 高度1108

 GPRMC,utc时间:01时32分39秒  正确纬度:40度47分  正确经度:111度41分  正确日期:2017年05月10日
GPGGA,utc时间:01时32分39秒  正确纬度:40度47分  正确经度:111度41分  卫星05 高度1106

 GPRMC,utc时间:01时32分39秒  正确纬度:40度47分  正确经度:111度41分  正确日期:2017年05月10日
GPGGA,utc时间:01时32分39秒  正确纬度:40度47分  正确经度:111度41分  卫星05 高度1106

 GPRMC,utc时间:01时32分41秒  正确纬度:40度47分  正确经度:111度41分  正确日期:2017年05月10日
GPGGA,utc时间:01时32分41秒  正确纬度:40度47分  正确经度:111度41分  卫星06 高度1181

 GPRMC,utc时间:01时32分42秒  正确纬度:40度47分  正确经度:111度41分  正确日期:2017年05月10日
GPGGA,utc时间:01时32分42秒  正确纬度:40度47分  正确经度:111度41分  卫星06 高度1199

 GPRMC,utc时间:01时32分43秒  正确纬度:40度47分  正确经度:111度41分  正确日期:2017年05月10日
GPGGA,utc时间:01时32分43秒  正确纬度:40度47分  正确经度:111度41分  卫星06 高度1195

 GPRMC,utc时间:01时32分44秒  正确纬度:40度47分  正确经度:111度41分  正确日期:2017年05月10日
GPGGA,utc时间:01时32分44秒  正确纬度:40度47分  正确经度:111度41分  卫星06 高度1194

 GPRMC,utc时间:01时32分45秒  正确纬度:40度47分  正确经度:111度41分  正确日期:2017年05月10日
GPGGA,utc时间:01时32分45秒  正确纬度:40度47分  正确经度:111度41分  卫星06 高度1192

 GPRMC,utc时间:01时32分46秒  正确纬度:40度47分  正确经度:111度41分  正确日期:2017年05月10日
GPGGA,utc时间:01时32分46秒  正确纬度:40度47分  正确经度:111度41分  卫星06 高度1194

 GPRMC,utc时间:01时32分47秒  正确纬度:40度47分  正确经度:111度41分  正确日期:2017年05月10日
GPGGA,utc时间:01时32分47秒  正确纬度:40度47分  正确经度:111度41分  卫星06 高度1195

 GPRMC,utc时间:01时32分48秒  正确纬度:40度47分  正确经度:111度41分  正确日期:2017年05月10日
GPGGA,utc时间:01时32分48秒  正确纬度:40度47分  正确经度:111度41分  卫星06 高度1196

 GPRMC,utc时间:01时32分49秒  正确纬度:40度47分  正确经度:111度41分  正确日期:2017年05月10日
GPGGA,utc时间:01时32分49秒  正确纬度:40度47分  正确经度:111度41分  卫星07 高度1184

 GPRMC,utc时间:01时32分50秒  正确纬度:40度47分  正确经度:111度41分  正确日期:2017年05月10日
GPGGA,utc时间:01时32分50秒  正确纬度:40度47分  正确经度:111度41分  卫星07 高度1174

 GPRMC,utc时间:01时32分51秒  正确纬度:40度47分  正确经度:111度41分  正确日期:2017年05月10日
GPGGA,utc时间:01时32分51秒  正确纬度:40度47分  正确经度:111度41分  卫星07 高度1167

 GPRMC,utc时间:01时32分52秒  正确纬度:40度47分  正确经度:111度41分  正确日期:2017年05月10日
GPGGA,utc时间:01时32分52秒  正确纬度:40度47分  正确经度:111度41分  卫星08 高度1162

 GPRMC,utc时间:01时32分53秒  正确纬度:40度47分  正确经度:111度41分  正确日期:2017年05月10日
GPGGA,utc时间:01时32分53秒  正确纬度:40度47分  正确经度:111度41分  卫星08 高度1159

 GPRMC,utc时间:01时32分54秒  正确纬度:40度47分  正确经度:111度41分  正确日期:2017年05月10日
GPGGA,utc时间:01时32分54秒  正确纬度:40度47分  正确经度:111度41分  卫星08 高度1151

 GPRMC,utc时间:01时32分55秒  正确纬度:40度47分  正确经度:111度41分  正确日期:2017年05月10日
GPGGA,utc时间:01时32分55秒  正确纬度:40度47分  正确经度:111度41分  卫星08 高度1147

 GPRMC,utc时间:01时32分56秒  正确纬度:40度47分  正确经度:111度41分  正确日期:2017年05月10日
GPGGA,utc时间:01时32分56秒  正确纬度:40度47分  正确经度:111度41分  卫星08 高度1147

 GPRMC,utc时间:01时32分57秒  正确纬度:40度47分  正确经度:111度41分  正确日期:2017年05月10日
GPGGA,utc时间:01时32分57秒  正确纬度:40度47分  正确经度:111度41分  卫星08 高度1147

 GPRMC,utc时间:01时32分58秒  正确纬度:40度47分  正确经度:111度41分  正确日期:2017年05月10日
GPGGA,utc时间:01时32分58秒  正确纬度:40度47分  正确经度:111度41分  卫星08 高度1146

 GPRMC,utc时间:01时32分59秒  正确纬度:40度47分  正确经度:111度41分  正确日期:2017年05月10日
GPGGA,utc时间:01时32分59秒  正确纬度:40度47分  正确经度:111度41分  卫星08 高度1145

 GPRMC,utc时间:01时33分00秒  正确纬度:40度47分  正确经度:111度41分  正确日期:2017年05月10日
GPGGA,utc时间:01时33分00秒  正确纬度:40度47分  正确经度:111度41分  卫星08 高度1144

 GPRMC,utc时间:01时33分01秒  正确纬度:40度47分  正确经度:111度41分  正确日期:2017年05月10日
GPGGA,utc时间:01时33分01秒  正确纬度:40度47分  正确经度:111度41分  卫星08 高度1144

 GPRMC,utc时间:01时33分02秒  正确纬度:40度47分  正确经度:111度41分  正确日期:2017年05月10日
GPGGA,utc时间:01时33分02秒  正确纬度:40度47分  正确经度:111度41分  卫星08 高度1143

 GPRMC,utc时间:01时33分03秒  正确纬度:40度47分  正确经度:111度41分  正确日期:2017年05月10日
GPGGA,utc时间:01时33分03秒  正确纬度:40度47分  正确经度:111度41分  卫星08 高度1142

 GPRMC,utc时间:01时33分04秒  正确纬度:40度47分  正确经度:111度41分  正确日期:2017年05月10日
GPGGA,utc时间:01时33分04秒  正确纬度:40度47分  正确经度:111度41分  卫星08 高度1142

 GPRMC,utc时间:01时33分05秒  正确纬度:40度47分  正确经度:111度41分  正确日期:2017年05月10日
GPGGA,utc时间:01时33分05秒  正确纬度:40度47分  正确经度:111度41分  卫星08 高度1142

 GPRMC,utc时间:01时33分06秒  正确纬度:40度47分  正确经度:111度41分  正确日期:2017年05月10日
GPGGA,utc时间:01时33分06秒  正确纬度:40度47分  正确经度:111度41分  卫星08 高度1142

 GPRMC,utc时间:01时33分07秒  正确纬度:40度47分  正确经度:111度41分  正确日期:2017年05月10日
GPGGA,utc时间:01时33分07秒  正确纬度:40度47分  正确经度:111度41分  卫星08 高度1142

 GPRMC,utc时间:01时33分08秒  正确纬度:40度47分  正确经度:111度41分  正确日期:2017年05月10日
GPGGA,utc时间:01时33分08秒  正确纬度:40度47分  正确经度:111度41分  卫星08 高度1141

 GPRMC,utc时间:01时33分09秒  正确纬度:40度47分  正确经度:111度41分  正确日期:2017年05月10日
GPGGA,utc时间:01时33分09秒  正确纬度:40度47分  正确经度:111度41分  卫星08 高度1142

 GPRMC,utc时间:01时33分10秒  正确纬度:40度47分  正确经度:111度41分  正确日期:2017年05月10日
GPGGA,utc时间:01时33分10秒  正确纬度:40度47分  正确经度:111度41分  卫星08 高度1141

 GPRMC,utc时间:01时33分11秒  正确纬度:40度47分  正确经度:111度41分  正确日期:2017年05月10日
GPGGA,utc时间:01时33分11秒  正确纬度:40度47分  正确经度:111度41分  卫星09 高度1140

 GPRMC,utc时间:01时33分12秒  正确纬度:40度47分  正确经度:111度41分  正确日期:2017年05月10日
GPGGA,utc时间:01时33分12秒  正确纬度:40度47分  正确经度:111度41分  卫星09 高度1140

 GPRMC,utc时间:01时33分13秒  正确纬度:40度47分  正确经度:111度41分  正确日期:2017年05月10日
GPGGA,utc时间:01时33分13秒  正确纬度:40度47分  正确经度:111度41分  卫星09 高度1139

 GPRMC,utc时间:01时33分14秒  正确纬度:40度47分  正确经度:111度41分  正确日期:2017年05月10日
GPGGA,utc时间:01时33分14秒  正确纬度:40度47分  正确经度:111度41分  卫星09 高度1139

 GPRMC,utc时间:01时33分15秒  正确纬度:40度47分  正确经度:111度41分  正确日期:2017年05月10日
GPGGA,utc时间:01时33分15秒  正确纬度:40度47分  正确经度:111度41分  卫星10 高度1139

 GPRMC,utc时间:01时33分16秒  正确纬度:40度47分  正确经度:111度41分  正确日期:2017年05月10日
GPGGA,utc时间:01时33分16秒  正确纬度:40度47分  正确经度:111度41分  卫星08 高度1140

 GPRMC,utc时间:01时33分17秒  正确纬度:40度47分  正确经度:111度41分  正确日期:2017年05月10日
GPGGA,utc时间:01时33分17秒  正确纬度:40度47分  正确经度:111度41分  卫星08 高度1139

 GPRMC,utc时间:01时33分18秒  正确纬度:40度47分  正确经度:111度41分  正确日期:2017年05月10日
GPGGA,utc时间:01时33分18秒  正确纬度:40度47分  正确经度:111度41分  卫星08 高度1139

 GPRMC,utc时间:01时33分19秒  正确纬度:40度47分  正确经度:111度41分  正确日期:2017年05月10日
GPGGA,utc时间:01时33分19秒  正确纬度:40度47分  正确经度:111度41分  卫星08 高度1138

 GPRMC,utc时间:01时33分20秒  正确纬度:40度47分  正确经度:111度41分  正确日期:2017年05月10日
GPGGA,utc时间:01时33分20秒  正确纬度:40度47分  正确经度:111度41分  卫星08 高度1137

 GPRMC,utc时间:01时33分21秒  正确纬度:40度47分  正确经度:111度41分  正确日期:2017年05月10日
GPGGA,utc时间:01时33分21秒  正确纬度:40度47分  正确经度:111度41分  卫星08 高度1137

 GPRMC,utc时间:01时33分22秒  正确纬度:40度47分  正确经度:111度41分  正确日期:2017年05月10日
GPGGA,utc时间:01时33分22秒  正确纬度:40度47分  正确经度:111度41分  卫星08 高度1136

 GPRMC,utc时间:01时33分23秒  正确纬度:40度47分  正确经度:111度41分  正确日期:2017年05月10日
GPGGA,utc时间:01时33分23秒  正确纬度:40度47分  正确经度:111度41分  卫星09 高度1135

 GPRMC,utc时间:01时33分24秒  正确纬度:40度47分  正确经度:111度41分  正确日期:2017年05月10日
GPGGA,utc时间:01时33分24秒  正确纬度:40度47分  正确经度:111度41分  卫星09 高度1135

 GPRMC,utc时间:01时33分25秒  正确纬度:40度47分  正确经度:111度41分  正确日期:2017年05月10日
GPGGA,utc时间:01时33分25秒  正确纬度:40度47分  正确经度:111度41分  卫星10 高度1132

 GPRMC,utc时间:01时33分26秒  正确纬度:40度47分  正确经度:111度41分  正确日期:2017年05月10日
GPGGA,utc时间:01时33分26秒  正确纬度:40度47分  正确经度:111度41分  卫星09 高度1128

 GPRMC,utc时间:01时33分27秒  正确纬度:40度47分  正确经度:111度41分  正确日期:2017年05月10日
GPGGA,utc时间:01时33分27秒  正确纬度:40度47分  正确经度:111度41分  卫星09 高度1122

 GPRMC,utc时间:01时33分28秒  正确纬度:40度47分  正确经度:111度41分  正确日期:2017年05月10日
GPGGA,utc时间:01时33分28秒  正确纬度:40度47分  正确经度:111度41分  卫星09 高度1119

 GPRMC,utc时间:01时33分29秒  正确纬度:40度47分  正确经度:111度41分  正确日期:2017年05月10日
GPGGA,utc时间:01时33分29秒  正确纬度:40度47分  正确经度:111度41分  卫星09 高度1115

 GPRMC,utc时间:01时33分30秒  正确纬度:40度47分  正确经度:111度41分  正确日期:2017年05月10日
GPGGA,utc时间:01时33分30秒  正确纬度:40度47分  正确经度:111度41分  卫星09 高度1113

 GPRMC,utc时间:01时33分31秒  正确纬度:40度47分  正确经度:111度41分  正确日期:2017年05月10日
GPGGA,utc时间:01时33分31秒  正确纬度:40度47分  正确经度:111度41分  卫星10 高度1101

 GPRMC,utc时间:01时33分32秒  正确纬度:40度47分  正确经度:111度41分  正确日期:2017年05月10日
GPGGA,utc时间:01时33分32秒  正确纬度:40度47分  正确经度:111度41分  卫星10 高度1092

 GPRMC,utc时间:01时33分33秒  正确纬度:40度47分  正确经度:111度41分  正确日期:2017年05月10日
GPGGA,utc时间:01时33分33秒  正确纬度:40度47分  正确经度:111度41分  卫星10 高度1071

 GPRMC,utc时间:01时33分34秒  正确纬度:40度47分  正确经度:111度41分  正确日期:2017年05月10日
GPGGA,utc时间:01时33分34秒  正确纬度:40度47分  正确经度:111度41分  卫星10 高度1063

 GPRMC,utc时间:01时33分35秒  正确纬度:40度47分  正确经度:111度41分  正确日期:2017年05月10日
GPGGA,utc时间:01时33分35秒  正确纬度:40度47分  正确经度:111度41分  卫星10 高度1062

 GPRMC,utc时间:01时33分36秒  正确纬度:40度47分  正确经度:111度41分  正确日期:2017年05月10日
GPGGA,utc时间:01时33分36秒  正确纬度:40度47分  正确经度:111度41分  卫星10 高度1061

 GPRMC,utc时间:01时33分37秒  正确纬度:40度47分  正确经度:111度41分  正确日期:2017年05月10日
GPGGA,utc时间:01时33分37秒  正确纬度:40度47分  正确经度:111度41分  卫星10 高度1060

 GPRMC,utc时间:01时33分38秒  正确纬度:40度47分  正确经度:111度41分  正确日期:2017年05月10日
GPGGA,utc时间:01时33分38秒  正确纬度:40度47分  正确经度:111度41分  卫星10 高度1060

 GPRMC,utc时间:01时33分39秒  正确纬度:40度47分  正确经度:111度41分  正确日期:2017年05月10日
GPGGA,utc时间:01时33分39秒  正确纬度:40度47分  正确经度:111度41分  卫星10 高度1059

 GPRMC,utc时间:01时33分40秒  正确纬度:40度47分  正确经度:111度41分  正确日期:2017年05月10日
GPGGA,utc时间:01时33分40秒  正确纬度:40度47分  正确经度:111度41分  卫星09 高度1058

 GPRMC,utc时间:01时33分41秒  正确纬度:40度47分  正确经度:111度41分  正确日期:2017年05月10日
GPGGA,utc时间:01时33分41秒  正确纬度:40度47分  正确经度:111度41分  卫星09 高度1058

 GPRMC,utc时间:01时33分42秒  正确纬度:40度47分  正确经度:111度41分  正确日期:2017年05月10日
GPGGA,utc时间:01时33分42秒  正确纬度:40度47分  正确经度:111度41分  卫星09 高度1058

 GPRMC,utc时间:01时33分43秒  正确纬度:40度47分  正确经度:111度41分  正确日期:2017年05月10日
GPGGA,utc时间:01时33分43秒  正确纬度:40度47分  正确经度:111度41分  卫星09 高度1058

 GPRMC,utc时间:01时33分44秒  正确纬度:40度47分  正确经度:111度41分  正确日期:2017年05月10日
GPGGA,utc时间:01时33分44秒  正确纬度:40度47分  正确经度:111度41分  卫星09 高度1058

 GPRMC,utc时间:01时33分45秒  正确纬度:40度47分  正确经度:111度41分  正确日期:2017年05月10日
GPGGA,utc时间:01时33分45秒  正确纬度:40度47分  正确经度:111度41分  卫星09 高度1058

 GPRMC,utc时间:01时33分46秒  正确纬度:40度47分  正确经度:111度41分  正确日期:2017年05月10日
GPGGA,utc时间:01时33分46秒  正确纬度:40度47分  正确经度:111度41分  卫星09 高度1058

 GPRMC,utc时间:01时33分47秒  正确纬度:40度47分  正确经度:111度41分  正确日期:2017年05月10日
GPGGA,utc时间:01时33分47秒  正确纬度:40度47分  正确经度:111度41分  卫星09 高度1058

 GPRMC,utc时间:01时33分48秒  正确纬度:40度47分  正确经度:111度41分  正确日期:2017年05月10日
GPGGA,utc时间:01时33分48秒  正确纬度:40度47分  正确经度:111度41分  卫星09 高度1058

 GPRMC,utc时间:01时33分49秒  正确纬度:40度47分  正确经度:111度41分  正确日期:2017年05月10日
GPGGA,utc时间:01时33分49秒  正确纬度:40度47分  正确经度:111度41分  卫星09 高度1058

 GPRMC,utc时间:01时33分50秒  正确纬度:40度47分  正确经度:111度41分  正确日期:2017年05月10日
GPGGA,utc时间:01时33分50秒  正确纬度:40度47分  正确经度:111度41分  卫星09 高度1058

 GPRMC,utc时间:01时33分51秒  正确纬度:40度47分  正确经度:111度41分  正确日期:2017年05月10日
GPGGA,utc时间:01时33分51秒  正确纬度:40度47分  正确经度:111度41分  卫星09 高度1058

 GPRMC,utc时间:01时33分52秒  正确纬度:40度47分  正确经度:111度41分  正确日期:2017年05月10日
GPGGA,utc时间:01时33分52秒  正确纬度:40度47分  正确经度:111度41分  卫星09 高度1058

 GPRMC,utc时间:01时33分53秒  正确纬度:40度47分  正确经度:111度41分  正确日期:2017年05月10日
GPGGA,utc时间:01时33分53秒  正确纬度:40度47分  正确经度:111度41分  卫星09 高度1058

 GPRMC,utc时间:01时33分54秒  正确纬度:40度47分  正确经度:111度41分  正确日期:2017年05月10日
GPGGA,utc时间:01时33分54秒  正确纬度:40度47分  正确经度:111度41分  卫星09 高度1058

 GPRMC,utc时间:01时33分55秒  正确纬度:40度47分  正确经度:111度41分  正确日期:2017年05月10日
GPGGA,utc时间:01时33分55秒  正确纬度:40度47分  正确经度:111度41分  卫星09 高度1058

 GPRMC,utc时间:01时33分56秒  正确纬度:40度47分  正确经度:111度41分  正确日期:2017年05月10日
GPGGA,utc时间:01时33分56秒  正确纬度:40度47分  正确经度:111度41分  卫星09 高度1058

 GPRMC,utc时间:01时33分57秒  正确纬度:40度47分  正确经度:111度41分  正确日期:2017年05月10日
GPGGA,utc时间:01时33分57秒  正确纬度:40度47分  正确经度:111度41分  卫星10 高度1058

 GPRMC,utc时间:01时33分58秒  正确纬度:40度47分  正确经度:111度41分  正确日期:2017年05月10日
GPGGA,utc时间:01时33分58秒  正确纬度:40度47分  正确经度:111度41分  卫星10 高度1058

 GPRMC,utc时间:01时33分59秒  正确纬度:40度47分  正确经度:111度41分  正确日期:2017年05月10日
GPGGA,utc时间:01时33分59秒  正确纬度:40度47分  正确经度:111度41分  卫星10 高度1058

 GPRMC,utc时间:01时34分00秒  正确纬度:40度47分  正确经度:111度41分  正确日期:2017年05月10日
GPGGA,utc时间:01时34分00秒  正确纬度:40度47分  正确经度:111度41分  卫星10 高度1058

 GPRMC,utc时间:01时34分01秒  正确纬度:40度47分  正确经度:111度41分  正确日期:2017年05月10日
GPGGA,utc时间:01时34分01秒  正确纬度:40度47分  正确经度:111度41分  卫星09 高度1058

 GPRMC,utc时间:01时34分02秒  正确纬度:40度47分  正确经度:111度41分  正确日期:2017年05月10日
GPGGA,utc时间:01时34分02秒  正确纬度:40度47分  正确经度:111度41分  卫星09 高度1058

 GPRMC,utc时间:01时34分03秒  正确纬度:40度47分  正确经度:111度41分  正确日期:2017年05月10日
GPGGA,utc时间:01时34分03秒  正确纬度:40度47分  正确经度:111度41分  卫星09 高度1058

 GPRMC,utc时间:01时34分04秒  正确纬度:40度47分  正确经度:111度41分  正确日期:2017年05月10日
GPGGA,utc时间:01时34分04秒  正确纬度:40度47分  正确经度:111度41分  卫星09 高度1058

 GPRMC,utc时间:01时34分05秒  正确纬度:40度47分  正确经度:111度41分  正确日期:2017年05月10日
GPGGA,utc时间:01时34分05秒  正确纬度:40度47分  正确经度:111度41分  卫星09 高度1058

 GPRMC,utc时间:01时34分06秒  正确纬度:40度47分  正确经度:111度41分  正确日期:2017年05月10日
GPGGA,utc时间:01时34分06秒  正确纬度:40度47分  正确经度:111度41分  卫星09 高度1058

 GPRMC,utc时间:01时34分07秒  正确纬度:40度47分  正确经度:111度41分  正确日期:2017年05月10日
GPGGA,utc时间:01时34分07秒  正确纬度:40度47分  正确经度:111度41分  卫星09 高度1058

 GPRMC,utc时间:01时34分08秒  正确纬度:40度47分  正确经度:111度41分  正确日期:2017年05月10日
GPGGA,utc时间:01时34分08秒  正确纬度:40度47分  正确经度:111度41分  卫星09 高度1058

 GPRMC,utc时间:01时34分09秒  正确纬度:40度47分  正确经度:111度41分  正确日期:2017年05月10日
GPGGA,utc时间:01时34分09秒  正确纬度:40度47分  正确经度:111度41分  卫星09 高度1058

 GPRMC,utc时间:01时34分10秒  正确纬度:40度47分  正确经度:111度41分  正确日期:2017年05月10日
GPGGA,utc时间:01时34分10秒  正确纬度:40度47分  正确经度:111度41分  卫星09 高度1058

 GPRMC,utc时间:01时34分11秒  正确纬度:40度47分  正确经度:111度41分  正确日期:2017年05月10日
GPGGA,utc时间:01时34分11秒  正确纬度:40度47分  正确经度:111度41分  卫星10 高度1058

 GPRMC,utc时间:01时34分12秒  正确纬度:40度47分  正确经度:111度41分  正确日期:2017年05月10日
GPGGA,utc时间:01时34分12秒  正确纬度:40度47分  正确经度:111度41分  卫星10 高度1058

 GPRMC,utc时间:01时34分13秒  正确纬度:40度47分  正确经度:111度41分  正确日期:2017年05月10日
GPGGA,utc时间:01时34分13秒  正确纬度:40度47分  正确经度:111度41分  卫星10 高度1058

 GPRMC,utc时间:01时34分14秒  正确纬度:40度47分  正确经度:111度41分  正确日期:2017年05月10日
GPGGA,utc时间:01时34分14秒  正确纬度:40度47分  正确经度:111度41分  卫星10 高度1058

 GPRMC,utc时间:01时34分15秒  正确纬度:40度47分  正确经度:111度41分  正确日期:2017年05月10日
GPGGA,utc时间:01时34分15秒  正确纬度:40度47分  正确经度:111度41分  卫星10 高度1058

 GPRMC,utc时间:01时34分16秒  正确纬度:40度47分  正确经度:111度41分  正确日期:2017年05月10日
GPGGA,utc时间:01时34分16秒  正确纬度:40度47分  正确经度:111度41分  卫星10 高度1058

 GPRMC,utc时间:01时34分17秒  正确纬度:40度47分  正确经度:111度41分  正确日期:2017年05月10日
GPGGA,utc时间:01时34分17秒  正确纬度:40度47分  正确经度:111度41分  卫星10 高度1058

 GPRMC,utc时间:01时34分18秒  正确纬度:40度47分  正确经度:111度41分  正确日期:2017年05月10日
GPGGA,utc时间:01时34分18秒  正确纬度:40度47分  正确经度:111度41分  卫星10 高度1058

 GPRMC,utc时间:01时34分19秒  正确纬度:40度47分  正确经度:111度41分  正确日期:2017年05月10日
GPGGA,utc时间:01时34分19秒  正确纬度:40度47分  正确经度:111度41分  卫星10 高度1058

 GPRMC,utc时间:01时34分20秒  正确纬度:40度47分  正确经度:111度41分  正确日期:2017年05月10日
GPGGA,utc时间:01时34分20秒  正确纬度:40度47分  正确经度:111度41分  卫星09 高度1058

 GPRMC,utc时间:01时34分21秒  正确纬度:40度47分  正确经度:111度41分  正确日期:2017年05月10日
GPGGA,utc时间:01时34分21秒  正确纬度:40度47分  正确经度:111度41分  卫星09 高度1058

 GPRMC,utc时间:01时34分22秒  正确纬度:40度47分  正确经度:111度41分  正确日期:2017年05月10日
GPGGA,utc时间:01时34分22秒  正确纬度:40度47分  正确经度:111度41分  卫星09 高度1058

 GPRMC,utc时间:01时34分23秒  正确纬度:40度47分  正确经度:111度41分  正确日期:2017年05月10日
GPGGA,utc时间:01时34分23秒  正确纬度:40度47分  正确经度:111度41分  卫星08 高度1058

 GPRMC,utc时间:01时34分24秒  正确纬度:40度47分  正确经度:111度41分  正确日期:2017年05月10日
GPGGA,utc时间:01时34分24秒  正确纬度:40度47分  正确经度:111度41分  卫星10 高度1058

 GPRMC,utc时间:01时34分25秒  正确纬度:40度47分  正确经度:111度41分  正确日期:2017年05月10日
GPGGA,utc时间:01时34分25秒  正确纬度:40度47分  正确经度:111度41分  卫星09 高度1058

 GPRMC,utc时间:01时34分26秒  正确纬度:40度47分  正确经度:111度41分  正确日期:2017年05月10日
GPGGA,utc时间:01时34分26秒  正确纬度:40度47分  正确经度:111度41分  卫星09 高度1058

 GPRMC,utc时间:01时34分27秒  正确纬度:40度47分  正确经度:111度41分  正确日期:2017年05月10日
GPGGA,utc时间:01时34分27秒  正确纬度:40度47分  正确经度:111度41分  卫星09 高度1058

 GPRMC,utc时间:01时34分28秒  正确纬度:40度47分  正确经度:111度41分  正确日期:2017年05月10日
GPGGA,utc时间:01时34分28秒  正确纬度:40度47分  正确经度:111度41分  卫星10 高度1058

 GPRMC,utc时间:01时34分29秒  正确纬度:40度47分  正确经度:111度41分  正确日期:2017年05月10日
GPGGA,utc时间:01时34分29秒  正确纬度:40度47分  正确经度:111度41分  卫星10 高度1058

 GPRMC,utc时间:01时34分30秒  正确纬度:40度47分  正确经度:111度41分  正确日期:2017年05月10日
GPGGA,utc时间:01时34分30秒  正确纬度:40度47分  正确经度:111度41分  卫星10 高度1058

 GPRMC,utc时间:01时34分31秒  正确纬度:40度47分  正确经度:111度41分  正确日期:2017年05月10日
GPGGA,utc时间:01时34分31秒  正确纬度:40度47分  正确经度:111度41分  卫星10 高度1058

 GPRMC,utc时间:01时34分32秒  正确纬度:40度47分  正确经度:111度41分  正确日期:2017年05月10日
GPGGA,utc时间:01时34分32秒  正确纬度:40度47分  正确经度:111度41分  卫星10 高度1058

 GPRMC,utc时间:01时34分33秒  正确纬度:40度47分  正确经度:111度41分  正确日期:2017年05月10日
GPGGA,utc时间:01时34分33秒  正确纬度:40度47分  正确经度:111度41分  卫星10 高度1058

 GPRMC,utc时间:01时34分34秒  正确纬度:40度47分  正确经度:111度41分  正确日期:2017年05月10日
GPGGA,utc时间:01时34分34秒  正确纬度:40度47分  正确经度:111度41分  卫星10 高度1058

 GPRMC,utc时间:01时34分35秒  正确纬度:40度47分  正确经度:111度41分  正确日期:2017年05月10日
GPGGA,utc时间:01时34分35秒  正确纬度:40度47分  正确经度:111度41分  卫星10 高度1058

 GPRMC,utc时间:01时34分36秒  正确纬度:40度47分  正确经度:111度41分  正确日期:2017年05月10日
GPGGA,utc时间:01时34分36秒  正确纬度:40度47分  正确经度:111度41分  卫星10 高度1058

 GPRMC,utc时间:01时34分37秒  正确纬度:40度47分  正确经度:111度41分  正确日期:2017年05月10日
GPGGA,utc时间:01时34分37秒  正确纬度:40度47分  正确经度:111度41分  卫星10 高度1058

 GPRMC,utc时间:01时34分38秒  正确纬度:40度47分  正确经度:111度41分  正确日期:2017年05月10日
GPGGA,utc时间:01时34分38秒  正确纬度:40度47分  正确经度:111度41分  卫星10 高度1058

 GPRMC,utc时间:01时34分39秒  正确纬度:40度47分  正确经度:111度41分  正确日期:2017年05月10日
GPGGA,utc时间:01时34分39秒  正确纬度:40度47分  正确经度:111度41分  卫星10 高度1058

 GPRMC,utc时间:01时34分40秒  正确纬度:40度47分  正确经度:111度41分  正确日期:2017年05月10日
GPGGA,utc时间:01时34分40秒  正确纬度:40度47分  正确经度:111度41分  卫星10 高度1058

 GPRMC,utc时间:01时34分41秒  正确纬度:40度47分  正确经度:111度41分  正确日期:2017年05月10日
GPGGA,utc时间:01时34分41秒  正确纬度:40度47分  正确经度:111度41分  卫星10 高度1057

 GPRMC,utc时间:01时34分42秒  正确纬度:40度47分  正确经度:111度41分  正确日期:2017年05月10日
GPGGA,utc时间:01时34分42秒  正确纬度:40度47分  正确经度:111度41分  卫星10 高度1057

 GPRMC,utc时间:01时34分43秒  正确纬度:40度47分  正确经度:111度41分  正确日期:2017年05月10日
GPGGA,utc时间:01时34分43秒  正确纬度:40度47分  正确经度:111度41分  卫星10 高度1057

 GPRMC,utc时间:01时34分44秒  正确纬度:40度47分  正确经度:111度41分  正确日期:2017年05月10日
GPGGA,utc时间:01时34分44秒  正确纬度:40度47分  正确经度:111度41分  卫星10 高度1058

 GPRMC,utc时间:01时34分45秒  正确纬度:40度47分  正确经度:111度41分  正确日期:2017年05月10日
GPGGA,utc时间:01时34分45秒  正确纬度:40度47分  正确经度:111度41分  卫星10 高度1057

 GPRMC,utc时间:01时34分46秒  正确纬度:40度47分  正确经度:111度41分  正确日期:2017年05月10日
GPGGA,utc时间:01时34分46秒  正确纬度:40度47分  正确经度:111度41分  卫星10 高度1057

 GPRMC,utc时间:01时34分47秒  正确纬度:40度47分  正确经度:111度41分  正确日期:2017年05月10日
GPGGA,utc时间:01时34分47秒  正确纬度:40度47分  正确经度:111度41分  卫星09 高度1057

 GPRMC,utc时间:01时34分48秒  正确纬度:40度47分  正确经度:111度41分  正确日期:2017年05月10日
GPGGA,utc时间:01时34分48秒  正确纬度:40度47分  正确经度:111度41分  卫星09 高度1057

 GPRMC,utc时间:01时34分49秒  正确纬度:40度47分  正确经度:111度41分  正确日期:2017年05月10日
GPGGA,utc时间:01时34分49秒  正确纬度:40度47分  正确经度:111度41分  卫星09 高度1057

 GPRMC,utc时间:01时34分50秒  正确纬度:40度47分  正确经度:111度41分  正确日期:2017年05月10日
GPGGA,utc时间:01时34分50秒  正确纬度:40度47分  正确经度:111度41分  卫星09 高度1057

 GPRMC,utc时间:01时34分51秒  正确纬度:40度47分  正确经度:111度41分  正确日期:2017年05月10日
GPGGA,utc时间:01时34分51秒  正确纬度:40度47分  正确经度:111度41分  卫星09 高度1058

 GPRMC,utc时间:01时34分52秒  正确纬度:40度47分  正确经度:111度41分  正确日期:2017年05月10日
GPGGA,utc时间:01时34分52秒  正确纬度:40度47分  正确经度:111度41分  卫星09 高度1058

 GPRMC,utc时间:01时34分53秒  正确纬度:40度47分  正确经度:111度41分  正确日期:2017年05月10日
GPGGA,utc时间:01时34分53秒  正确纬度:40度47分  正确经度:111度41分  卫星09 高度1058

 GPRMC,utc时间:01时34分54秒  正确纬度:40度47分  正确经度:111度41分  正确日期:2017年05月10日
GPGGA,utc时间:01时34分54秒  正确纬度:40度47分  正确经度:111度41分  卫星09 高度1058

 GPRMC,utc时间:01时34分55秒  正确纬度:40度47分  正确经度:111度41分  正确日期:2017年05月10日
GPGGA,utc时间:01时34分55秒  正确纬度:40度47分  正确经度:111度41分  卫星09 高度1058

 GPRMC,utc时间:01时34分56秒  正确纬度:40度47分  正确经度:111度41分  正确日期:2017年05月10日
GPGGA,utc时间:01时34分56秒  正确纬度:40度47分  正确经度:111度41分  卫星09 高度1058

 GPRMC,utc时间:01时34分57秒  正确纬度:40度47分  正确经度:111度41分  正确日期:2017年05月10日
GPGGA,utc时间:01时34分57秒  正确纬度:40度47分  正确经度:111度41分  卫星09 高度1058

 GPRMC,utc时间:01时34分58秒  正确纬度:40度47分  正确经度:111度41分  正确日期:2017年05月10日
GPGGA,utc时间:01时34分58秒  正确纬度:40度47分  正确经度:111度41分  卫星09 高度1058

 GPRMC,utc时间:01时34分59秒  正确纬度:40度47分  正确经度:111度41分  正确日期:2017年05月10日
GPGGA,utc时间:01时34分59秒  正确纬度:40度47分  正确经度:111度41分  卫星10 高度1058

 GPRMC,utc时间:01时35分00秒  正确纬度:40度47分  正确经度:111度41分  正确日期:2017年05月10日
GPGGA,utc时间:01时35分00秒  正确纬度:40度47分  正确经度:111度41分  卫星10 高度1058

 GPRMC,utc时间:01时35分01秒  正确纬度:40度47分  正确经度:111度41分  正确日期:2017年05月10日
GPGGA,utc时间:01时35分01秒  正确纬度:40度47分  正确经度:111度41分  卫星10 高度1057

 GPRMC,utc时间:01时35分02秒  正确纬度:40度47分  正确经度:111度41分  正确日期:2017年05月10日
GPGGA,utc时间:01时35分02秒  正确纬度:40度47分  正确经度:111度41分  卫星10 高度1057

 GPRMC,utc时间:01时35分03秒  正确纬度:40度47分  正确经度:111度41分  正确日期:2017年05月10日
GPGGA,utc时间:01时35分03秒  正确纬度:40度47分  正确经度:111度41分  卫星10 高度1057

 GPRMC,utc时间:01时35分04秒  正确纬度:40度47分  正确经度:111度41分  正确日期:2017年05月10日
GPGGA,utc时间:01时35分04秒  正确纬度:40度47分  正确经度:111度41分  卫星09 高度1058

 GPRMC,utc时间:01时35分05秒  正确纬度:40度47分  正确经度:111度41分  正确日期:2017年05月10日
GPGGA,utc时间:01时35分05秒  正确纬度:40度47分  正确经度:111度41分  卫星10 高度1057

 GPRMC,utc时间:01时35分06秒  正确纬度:40度47分  正确经度:111度41分  正确日期:2017年05月10日
GPGGA,utc时间:01时35分06秒  正确纬度:40度47分  正确经度:111度41分  卫星09 高度1057

 GPRMC,utc时间:01时35分07秒  正确纬度:40度47分  正确经度:111度41分  正确日期:2017年05月10日
GPGGA,utc时间:01时35分07秒  正确纬度:40度47分  正确经度:111度41分  卫星09 高度1057

 GPRMC,utc时间:01时35分08秒  正确纬度:40度47分  正确经度:111度41分  正确日期:2017年05月10日
GPGGA,utc时间:01时35分08秒  正确纬度:40度47分  正确经度:111度41分  卫星09 高度1057

 GPRMC,utc时间:01时35分09秒  正确纬度:40度47分  正确经度:111度41分  正确日期:2017年05月10日
GPGGA,utc时间:01时35分09秒  正确纬度:40度47分  正确经度:111度41分  卫星09 高度1057

 GPRMC,utc时间:01时35分10秒  正确纬度:40度47分  正确经度:111度41分  正确日期:2017年05月10日
GPGGA,utc时间:01时35分10秒  正确纬度:40度47分  正确经度:111度41分  卫星09 高度1058

 GPRMC,utc时间:01时35分11秒  正确纬度:40度47分  正确经度:111度41分  正确日期:2017年05月10日
GPGGA,utc时间:01时35分11秒  正确纬度:40度47分  正确经度:111度41分  卫星09 高度1058

 GPRMC,utc时间:01时35分12秒  正确纬度:40度47分  正确经度:111度41分  正确日期:2017年05月10日
GPGGA,utc时间:01时35分12秒  正确纬度:40度47分  正确经度:111度41分  卫星09 高度1057

 GPRMC,utc时间:01时35分13秒  正确纬度:40度47分  正确经度:111度41分  正确日期:2017年05月10日
GPGGA,utc时间:01时35分13秒  正确纬度:40度47分  正确经度:111度41分  卫星09 高度1057

 GPRMC,utc时间:01时35分14秒  正确纬度:40度47分  正确经度:111度41分  正确日期:2017年05月10日
GPGGA,utc时间:01时35分14秒  正确纬度:40度47分  正确经度:111度41分  卫星09 高度1057

 GPRMC,utc时间:01时35分15秒  正确纬度:40度47分  正确经度:111度41分  正确日期:2017年05月10日
GPGGA,utc时间:01时35分15秒  正确纬度:40度47分  正确经度:111度41分  卫星09 高度1057

 GPRMC,utc时间:01时35分16秒  正确纬度:40度47分  正确经度:111度41分  正确日期:2017年05月10日
GPGGA,utc时间:01时35分16秒  正确纬度:40度47分  正确经度:111度41分  卫星09 高度1056

 GPRMC,utc时间:01时35分17秒  正确纬度:40度47分  正确经度:111度41分  正确日期:2017年05月10日
GPGGA,utc时间:01时35分17秒  正确纬度:40度47分  正确经度:111度41分  卫星09 高度1056

 GPRMC,utc时间:01时35分18秒  正确纬度:40度47分  正确经度:111度41分  正确日期:2017年05月10日
GPGGA,utc时间:01时35分18秒  正确纬度:40度47分  正确经度:111度41分  卫星09 高度1056

 GPRMC,utc时间:01时35分19秒  正确纬度:40度47分  正确经度:111度41分  正确日期:2017年05月10日
GPGGA,utc时间:01时35分19秒  正确纬度:40度47分  正确经度:111度41分  卫星09 高度1057

 GPRMC,utc时间:01时35分20秒  正确纬度:40度47分  正确经度:111度41分  正确日期:2017年05月10日
GPGGA,utc时间:01时35分20秒  正确纬度:40度47分  正确经度:111度41分  卫星09 高度1057

 GPRMC,utc时间:01时35分21秒  正确纬度:40度47分  正确经度:111度41分  正确日期:2017年05月10日
GPGGA,utc时间:01时35分21秒  正确纬度:40度47分  正确经度:111度41分  卫星08 高度1057

 GPRMC,utc时间:01时35分22秒  正确纬度:40度47分  正确经度:111度41分  正确日期:2017年05月10日
GPGGA,utc时间:01时35分22秒  正确纬度:40度47分  正确经度:111度41分  卫星08 高度1057

 GPRMC,utc时间:01时35分23秒  正确纬度:40度47分  正确经度:111度41分  正确日期:2017年05月10日
GPGGA,utc时间:01时35分23秒  正确纬度:40度47分  正确经度:111度41分  卫星08 高度1057

 GPRMC,utc时间:01时35分24秒  正确纬度:40度47分  正确经度:111度41分  正确日期:2017年05月10日
GPGGA,utc时间:01时35分24秒  正确纬度:40度47分  正确经度:111度41分  卫星08 高度1057

 GPRMC,utc时间:01时35分25秒  正确纬度:40度47分  正确经度:111度41分  正确日期:2017年05月10日
GPGGA,utc时间:01时35分25秒  正确纬度:40度47分  正确经度:111度41分  卫星08 高度1057

 GPRMC,utc时间:01时35分26秒  正确纬度:40度47分  正确经度:111度41分  正确日期:2017年05月10日
GPGGA,utc时间:01时35分26秒  正确纬度:40度47分  正确经度:111度41分  卫星08 高度1057

 GPRMC,utc时间:01时35分27秒  正确纬度:40度47分  正确经度:111度41分  正确日期:2017年05月10日
GPGGA,utc时间:01时35分27秒  正确纬度:40度47分  正确经度:111度41分  卫星08 高度1057

 GPRMC,utc时间:01时35分28秒  正确纬度:40度47分  正确经度:111度41分  正确日期:2017年05月10日
GPGGA,utc时间:01时35分28秒  正确纬度:40度47分  正确经度:111度41分  卫星08 高度1057

 GPRMC,utc时间:01时35分29秒  正确纬度:40度47分  正确经度:111度41分  正确日期:2017年05月10日
GPGGA,utc时间:01时35分29秒  正确纬度:40度47分  正确经度:111度41分  卫星08 高度1057

 GPRMC,utc时间:01时35分30秒  正确纬度:40度47分  正确经度:111度41分  正确日期:2017年05月10日
GPGGA,utc时间:01时35分30秒  正确纬度:40度47分  正确经度:111度41分  卫星07 高度1057

 GPRMC,utc时间:01时35分31秒  正确纬度:40度47分  正确经度:111度41分  正确日期:2017年05月10日
GPGGA,utc时间:01时35分31秒  正确纬度:40度47分  正确经度:111度41分  卫星08 高度1057

 GPRMC,utc时间:01时35分32秒  正确纬度:40度47分  正确经度:111度41分  正确日期:2017年05月10日
GPGGA,utc时间:01时35分32秒  正确纬度:40度47分  正确经度:111度41分  卫星08 高度1057

 GPRMC,utc时间:01时35分33秒  正确纬度:40度47分  正确经度:111度41分  正确日期:2017年05月10日
GPGGA,utc时间:01时35分33秒  正确纬度:40度47分  正确经度:111度41分  卫星08 高度1057

 GPRMC,utc时间:01时35分34秒  正确纬度:40度47分  正确经度:111度41分  正确日期:2017年05月10日
GPGGA,utc时间:01时35分34秒  正确纬度:40度47分  正确经度:111度41分  卫星08 高度1057

 GPRMC,utc时间:01时35分35秒  正确纬度:40度47分  正确经度:111度41分  正确日期:2017年05月10日
GPGGA,utc时间:01时35分35秒  正确纬度:40度47分  正确经度:111度41分  卫星07 高度1057

 GPRMC,utc时间:01时35分36秒  正确纬度:40度47分  正确经度:111度41分  正确日期:2017年05月10日
GPGGA,utc时间:01时35分36秒  正确纬度:40度47分  正确经度:111度41分  卫星07 高度1057

 GPRMC,utc时间:01时35分37秒  正确纬度:40度47分  正确经度:111度41分  正确日期:2017年05月10日
GPGGA,utc时间:01时35分37秒  正确纬度:40度47分  正确经度:111度41分  卫星07 高度1057

 GPRMC,utc时间:01时35分38秒  正确纬度:40度47分  正确经度:111度41分  正确日期:2017年05月10日
GPGGA,utc时间:01时35分38秒  正确纬度:40度47分  正确经度:111度41分  卫星07 高度1057

 GPRMC,utc时间:01时35分39秒  正确纬度:40度47分  正确经度:111度41分  正确日期:2017年05月10日
GPGGA,utc时间:01时35分39秒  正确纬度:40度47分  正确经度:111度41分  卫星07 高度1057

 GPRMC,utc时间:01时35分40秒  正确纬度:40度47分  正确经度:111度41分  正确日期:2017年05月10日
GPGGA,utc时间:01时35分40秒  正确纬度:40度47分  正确经度:111度41分  卫星07 高度1057

 GPRMC,utc时间:01时35分41秒  正确纬度:40度47分  正确经度:111度41分  正确日期:2017年05月10日
GPGGA,utc时间:01时35分41秒  正确纬度:40度47分  正确经度:111度41分  卫星07 高度1057

 GPRMC,utc时间:01时35分42秒  正确纬度:40度47分  正确经度:111度41分  正确日期:2017年05月10日
GPGGA,utc时间:01时35分42秒  正确纬度:40度47分  正确经度:111度41分  卫星07 高度1057

 GPRMC,utc时间:01时35分43秒  正确纬度:40度47分  正确经度:111度41分  正确日期:2017年05月10日
GPGGA,utc时间:01时35分43秒  正确纬度:40度47分  正确经度:111度41分  卫星07 高度1057

 GPRMC,utc时间:01时35分44秒  正确纬度:40度47分  正确经度:111度41分  正确日期:2017年05月10日
GPGGA,utc时间:01时35分44秒  正确纬度:40度47分  正确经度:111度41分  卫星07 高度1057

 GPRMC,utc时间:01时35分45秒  正确纬度:40度47分  正确经度:111度41分  正确日期:2017年05月10日
GPGGA,utc时间:01时35分45秒  正确纬度:40度47分  正确经度:111度41分  卫星07 高度1057

 GPRMC,utc时间:01时35分46秒  正确纬度:40度47分  正确经度:111度41分  正确日期:2017年05月10日
GPGGA,utc时间:01时35分46秒  正确纬度:40度47分  正确经度:111度41分  卫星07 高度1057

 GPRMC,utc时间:01时35分47秒  正确纬度:40度47分  正确经度:111度41分  正确日期:2017年05月10日
GPGGA,utc时间:01时35分47秒  正确纬度:40度47分  正确经度:111度41分  卫星07 高度1057

 GPRMC,utc时间:01时35分48秒  正确纬度:40度47分  正确经度:111度41分  正确日期:2017年05月10日
GPGGA,utc时间:01时35分48秒  正确纬度:40度47分  正确经度:111度41分  卫星07 高度1057

 GPRMC,utc时间:01时35分49秒  正确纬度:40度47分  正确经度:111度41分  正确日期:2017年05月10日
GPGGA,utc时间:01时35分49秒  正确纬度:40度47分  正确经度:111度41分  卫星07 高度1057

 GPRMC,utc时间:01时35分50秒  正确纬度:40度47分  正确经度:111度41分  正确日期:2017年05月10日
GPGGA,utc时间:01时35分50秒  正确纬度:40度47分  正确经度:111度41分  卫星07 高度1057

 GPRMC,utc时间:01时35分51秒  正确纬度:40度47分  正确经度:111度41分  正确日期:2017年05月10日
GPGGA,utc时间:01时35分51秒  正确纬度:40度47分  正确经度:111度41分  卫星07 高度1057

 GPRMC,utc时间:01时35分52秒  正确纬度:40度47分  正确经度:111度41分  正确日期:2017年05月10日
GPGGA,utc时间:01时35分52秒  正确纬度:40度47分  正确经度:111度41分  卫星07 高度1057

 GPRMC,utc时间:01时35分53秒  正确纬度:40度47分  正确经度:111度41分  正确日期:2017年05月10日
GPGGA,utc时间:01时35分53秒  正确纬度:40度47分  正确经度:111度41分  卫星07 高度1057

 GPRMC,utc时间:01时35分54秒  正确纬度:40度47分  正确经度:111度41分  正确日期:2017年05月10日
GPGGA,utc时间:01时35分54秒  正确纬度:40度47分  正确经度:111度41分  卫星08 高度1057

 GPRMC,utc时间:01时35分55秒  正确纬度:40度47分  正确经度:111度41分  正确日期:2017年05月10日
GPGGA,utc时间:01时35分55秒  正确纬度:40度47分  正确经度:111度41分  卫星08 高度1057

 GPRMC,utc时间:01时35分56秒  正确纬度:40度47分  正确经度:111度41分  正确日期:2017年05月10日
GPGGA,utc时间:01时35分56秒  正确纬度:40度47分  正确经度:111度41分  卫星08 高度1057

 GPRMC,utc时间:01时35分57秒  正确纬度:40度47分  正确经度:111度41分  正确日期:2017年05月10日
GPGGA,utc时间:01时35分57秒  正确纬度:40度47分  正确经度:111度41分  卫星08 高度1057

 GPRMC,utc时间:01时35分58秒  正确纬度:40度47分  正确经度:111度41分  正确日期:2017年05月10日
GPGGA,utc时间:01时35分58秒  正确纬度:40度47分  正确经度:111度41分  卫星08 高度1057

 GPRMC,utc时间:01时35分59秒  正确纬度:40度47分  正确经度:111度41分  正确日期:2017年05月10日
GPGGA,utc时间:01时35分59秒  正确纬度:40度47分  正确经度:111度41分  卫星08 高度1057

 GPRMC,utc时间:01时36分00秒  正确纬度:40度47分  正确经度:111度41分  正确日期:2017年05月10日
GPGGA,utc时间:01时36分00秒  正确纬度:40度47分  正确经度:111度41分  卫星09 高度1057

 GPRMC,utc时间:01时36分01秒  正确纬度:40度47分  正确经度:111度41分  正确日期:2017年05月10日
GPGGA,utc时间:01时36分01秒  正确纬度:40度47分  正确经度:111度41分  卫星09 高度1057

 GPRMC,utc时间:01时36分02秒  正确纬度:40度47分  正确经度:111度41分  正确日期:2017年05月10日
GPGGA,utc时间:01时36分02秒  正确纬度:40度47分  正确经度:111度41分  卫星09 高度1057

 GPRMC,utc时间:01时36分03秒  正确纬度:40度47分  正确经度:111度41分  正确日期:2017年05月10日
GPGGA,utc时间:01时36分03秒  正确纬度:40度47分  正确经度:111度41分  卫星08 高度1057

 GPRMC,utc时间:01时36分04秒  正确纬度:40度47分  正确经度:111度41分  正确日期:2017年05月10日
GPGGA,utc时间:01时36分04秒  正确纬度:40度47分  正确经度:111度41分  卫星08 高度1057

 GPRMC,utc时间:01时36分05秒  正确纬度:40度47分  正确经度:111度41分  正确日期:2017年05月10日
GPGGA,utc时间:01时36分05秒  正确纬度:40度47分  正确经度:111度41分  卫星08 高度1057

 GPRMC,utc时间:01时36分06秒  正确纬度:40度47分  正确经度:111度41分  正确日期:2017年05月10日
GPGGA,utc时间:01时36分06秒  正确纬度:40度47分  正确经度:111度41分  卫星08 高度1057

 GPRMC,utc时间:01时36分07秒  正确纬度:40度47分  正确经度:111度41分  正确日期:2017年05月10日
GPGGA,utc时间:01时36分07秒  正确纬度:40度47分  正确经度:111度41分  卫星08 高度1057

 GPRMC,utc时间:01时36分08秒  正确纬度:40度47分  正确经度:111度41分  正确日期:2017年05月10日
GPGGA,utc时间:01时36分08秒  正确纬度:40度47分  正确经度:111度41分  卫星08 高度1057

 GPRMC,utc时间:01时36分09秒  正确纬度:40度47分  正确经度:111度41分  正确日期:2017年05月10日
GPGGA,utc时间:01时36分09秒  正确纬度:40度47分  正确经度:111度41分  卫星08 高度1057

 GPRMC,utc时间:01时36分10秒  正确纬度:40度47分  正确经度:111度41分  正确日期:2017年05月10日
GPGGA,utc时间:01时36分10秒  正确纬度:40度47分  正确经度:111度41分  卫星08 高度1057

 GPRMC,utc时间:01时36分11秒  正确纬度:40度47分  正确经度:111度41分  正确日期:2017年05月10日
GPGGA,utc时间:01时36分11秒  正确纬度:40度47分  正确经度:111度41分  卫星08 高度1057

 GPRMC,utc时间:01时36分12秒  正确纬度:40度47分  正确经度:111度41分  正确日期:2017年05月10日
GPGGA,utc时间:01时36分12秒  正确纬度:40度47分  正确经度:111度41分  卫星08 高度1057

 GPRMC,utc时间:01时36分13秒  正确纬度:40度47分  正确经度:111度41分  正确日期:2017年05月10日
GPGGA,utc时间:01时36分13秒  正确纬度:40度47分  正确经度:111度41分  卫星08 高度1057

 GPRMC,utc时间:01时36分14秒  正确纬度:40度47分  正确经度:111度41分  正确日期:2017年05月10日
GPGGA,utc时间:01时36分14秒  正确纬度:40度47分  正确经度:111度41分  卫星08 高度1057

 GPRMC,utc时间:01时36分15秒  正确纬度:40度47分  正确经度:111度41分  正确日期:2017年05月10日
GPGGA,utc时间:01时36分15秒  正确纬度:40度47分  正确经度:111度41分  卫星08 高度1057

 GPRMC,utc时间:01时36分16秒  正确纬度:40度47分  正确经度:111度41分  正确日期:2017年05月10日
GPGGA,utc时间:01时36分16秒  正确纬度:40度47分  正确经度:111度41分  卫星08 高度1057

 GPRMC,utc时间:01时36分17秒  正确纬度:40度47分  正确经度:111度41分  正确日期:2017年05月10日
GPGGA,utc时间:01时36分17秒  正确纬度:40度47分  正确经度:111度41分  卫星08 高度1057

 GPRMC,utc时间:01时36分18秒  正确纬度:40度47分  正确经度:111度41分  正确日期:2017年05月10日
GPGGA,utc时间:01时36分18秒  正确纬度:40度47分  正确经度:111度41分  卫星08 高度1057

 GPRMC,utc时间:01时36分19秒  正确纬度:40度47分  正确经度:111度41分  正确日期:2017年05月10日
GPGGA,utc时间:01时36分19秒  正确纬度:40度47分  正确经度:111度41分  卫星08 高度1057

 GPRMC,utc时间:01时36分20秒  正确纬度:40度47分  正确经度:111度41分  正确日期:2017年05月10日
GPGGA,utc时间:01时36分20秒  正确纬度:40度47分  正确经度:111度41分  卫星08 高度1057

 GPRMC,utc时间:01时36分21秒  正确纬度:40度47分  正确经度:111度41分  正确日期:2017年05月10日
GPGGA,utc时间:01时36分21秒  正确纬度:40度47分  正确经度:111度41分  卫星08 高度1057

 GPRMC,utc时间:01时36分22秒  正确纬度:40度47分  正确经度:111度41分  正确日期:2017年05月10日
GPGGA,utc时间:01时36分22秒  正确纬度:40度47分  正确经度:111度41分  卫星08 高度1057

 GPRMC,utc时间:01时36分23秒  正确纬度:40度47分  正确经度:111度41分  正确日期:2017年05月10日
GPGGA,utc时间:01时36分23秒  正确纬度:40度47分  正确经度:111度41分  卫星08 高度1057

 GPRMC,utc时间:01时36分24秒  正确纬度:40度47分  正确经度:111度41分  正确日期:2017年05月10日
GPGGA,utc时间:01时36分24秒  正确纬度:40度47分  正确经度:111度41分  卫星09 高度1057

 GPRMC,utc时间:01时36分25秒  正确纬度:40度47分  正确经度:111度41分  正确日期:2017年05月10日
GPGGA,utc时间:01时36分25秒  正确纬度:40度47分  正确经度:111度41分  卫星08 高度1057

 GPRMC,utc时间:01时36分26秒  正确纬度:40度47分  正确经度:111度41分  正确日期:2017年05月10日
GPGGA,utc时间:01时36分26秒  正确纬度:40度47分  正确经度:111度41分  卫星09 高度1057

 GPRMC,utc时间:01时36分27秒  正确纬度:40度47分  正确经度:111度41分  正确日期:2017年05月10日
GPGGA,utc时间:01时36分27秒  正确纬度:40度47分  正确经度:111度41分  卫星09 高度1057

 GPRMC,utc时间:01时36分28秒  正确纬度:40度47分  正确经度:111度41分  正确日期:2017年05月10日
GPGGA,utc时间:01时36分28秒  正确纬度:40度47分  正确经度:111度41分  卫星09 高度1057

 GPRMC,utc时间:01时36分29秒  正确纬度:40度47分  正确经度:111度41分  正确日期:2017年05月10日
GPGGA,utc时间:01时36分29秒  正确纬度:40度47分  正确经度:111度41分  卫星09 高度1057

 GPRMC,utc时间:01时36分30秒  正确纬度:40度47分  正确经度:111度41分  正确日期:2017年05月10日
GPGGA,utc时间:01时36分30秒  正确纬度:40度47分  正确经度:111度41分  卫星10 高度1057

 GPRMC,utc时间:01时36分31秒  正确纬度:40度47分  正确经度:111度41分  正确日期:2017年05月10日
GPGGA,utc时间:01时36分31秒  正确纬度:40度47分  正确经度:111度41分  卫星09 高度1057

 GPRMC,utc时间:01时36分32秒  正确纬度:40度47分  正确经度:111度41分  正确日期:2017年05月10日
GPGGA,utc时间:01时36分32秒  正确纬度:40度47分  正确经度:111度41分  卫星09 高度1057

 GPRMC,utc时间:01时36分33秒  正确纬度:40度47分  正确经度:111度41分  正确日期:2017年05月10日
GPGGA,utc时间:01时36分33秒  正确纬度:40度47分  正确经度:111度41分  卫星09 高度1057

 GPRMC,utc时间:01时36分34秒  正确纬度:40度47分  正确经度:111度41分  正确日期:2017年05月10日
GPGGA,utc时间:01时36分34秒  正确纬度:40度47分  正确经度:111度41分  卫星09 高度1057

 GPRMC,utc时间:01时36分35秒  正确纬度:40度47分  正确经度:111度41分  正确日期:2017年05月10日
GPGGA,utc时间:01时36分35秒  正确纬度:40度47分  正确经度:111度41分  卫星09 高度1057

 GPRMC,utc时间:01时36分36秒  正确纬度:40度47分  正确经度:111度41分  正确日期:2017年05月10日
GPGGA,utc时间:01时36分36秒  正确纬度:40度47分  正确经度:111度41分  卫星09 高度1057

 GPRMC,utc时间:01时36分37秒  正确纬度:40度47分  正确经度:111度41分  正确日期:2017年05月10日
GPGGA,utc时间:01时36分37秒  正确纬度:40度47分  正确经度:111度41分  卫星09 高度1057

 GPRMC,utc时间:01时36分38秒  正确纬度:40度47分  正确经度:111度41分  正确日期:2017年05月10日
GPGGA,utc时间:01时36分38秒  正确纬度:40度47分  正确经度:111度41分  卫星09 高度1057

 GPRMC,utc时间:01时36分39秒  正确纬度:40度47分  正确经度:111度41分  正确日期:2017年05月10日
GPGGA,utc时间:01时36分39秒  正确纬度:40度47分  正确经度:111度41分  卫星09 高度1057

 GPRMC,utc时间:01时36分40秒  正确纬度:40度47分  正确经度:111度41分  正确日期:2017年05月10日
GPGGA,utc时间:01时36分40秒  正确纬度:40度47分  正确经度:111度41分  卫星09 高度1057

 GPRMC,utc时间:01时36分41秒  正确纬度:40度47分  正确经度:111度41分  正确日期:2017年05月10日
GPGGA,utc时间:01时36分41秒  正确纬度:40度47分  正确经度:111度41分  卫星09 高度1057

 GPRMC,utc时间:01时36分42秒  正确纬度:40度47分  正确经度:111度41分  正确日期:2017年05月10日
GPGGA,utc时间:01时36分42秒  正确纬度:40度47分  正确经度:111度41分  卫星09 高度1057

 GPRMC,utc时间:01时36分43秒  正确纬度:40度47分  正确经度:111度41分  正确日期:2017年05月10日
GPGGA,utc时间:01时36分43秒  正确纬度:40度47分  正确经度:111度41分  卫星09 高度1057

 GPRMC,utc时间:01时36分44秒  正确纬度:40度47分  正确经度:111度41分  正确日期:2017年05月10日
GPGGA,utc时间:01时36分44秒  正确纬度:40度47分  正确经度:111度41分  卫星09 高度1057

 GPRMC,utc时间:01时36分45秒  正确纬度:40度47分  正确经度:111度41分  正确日期:2017年05月10日
GPGGA,utc时间:01时36分45秒  正确纬度:40度47分  正确经度:111度41分  卫星09 高度1057

 GPRMC,utc时间:01时36分46秒  正确纬度:40度47分  正确经度:111度41分  正确日期:2017年05月10日
GPGGA,utc时间:01时36分46秒  正确纬度:40度47分  正确经度:111度41分  卫星09 高度1057

 GPRMC,utc时间:01时36分47秒  正确纬度:40度47分  正确经度:111度41分  正确日期:2017年05月10日
GPGGA,utc时间:01时36分47秒  正确纬度:40度47分  正确经度:111度41分  卫星10 高度1057

 GPRMC,utc时间:01时36分48秒  正确纬度:40度47分  正确经度:111度41分  正确日期:2017年05月10日
GPGGA,utc时间:01时36分48秒  正确纬度:40度47分  正确经度:111度41分  卫星10 高度1057

 GPRMC,utc时间:01时36分49秒  正确纬度:40度47分  正确经度:111度41分  正确日期:2017年05月10日
GPGGA,utc时间:01时36分49秒  正确纬度:40度47分  正确经度:111度41分  卫星10 高度1057

 GPRMC,utc时间:01时36分50秒  正确纬度:40度47分  正确经度:111度41分  正确日期:2017年05月10日
GPGGA,utc时间:01时36分50秒  正确纬度:40度47分  正确经度:111度41分  卫星10 高度1057

 GPRMC,utc时间:01时36分51秒  正确纬度:40度47分  正确经度:111度41分  正确日期:2017年05月10日
GPGGA,utc时间:01时36分51秒  正确纬度:40度47分  正确经度:111度41分  卫星10 高度1057

 GPRMC,utc时间:01时36分52秒  正确纬度:40度47分  正确经度:111度41分  正确日期:2017年05月10日
GPGGA,utc时间:01时36分52秒  正确纬度:40度47分  正确经度:111度41分  卫星10 高度1057

 GPRMC,utc时间:01时36分53秒  正确纬度:40度47分  正确经度:111度41分  正确日期:2017年05月10日
GPGGA,utc时间:01时36分53秒  正确纬度:40度47分  正确经度:111度41分  卫星10 高度1057

 GPRMC,utc时间:01时36分54秒  正确纬度:40度47分  正确经度:111度41分  正确日期:2017年05月10日
GPGGA,utc时间:01时36分54秒  正确纬度:40度47分  正确经度:111度41分  卫星10 高度1057

 GPRMC,utc时间:01时36分55秒  正确纬度:40度47分  正确经度:111度41分  正确日期:2017年05月10日
GPGGA,utc时间:01时36分55秒  正确纬度:40度47分  正确经度:111度41分  卫星10 高度1057

 GPRMC,utc时间:01时36分56秒  正确纬度:40度47分  正确经度:111度41分  正确日期:2017年05月10日
GPGGA,utc时间:01时36分56秒  正确纬度:40度47分  正确经度:111度41分  卫星10 高度1057

 GPRMC,utc时间:01时36分57秒  正确纬度:40度47分  正确经度:111度41分  正确日期:2017年05月10日
GPGGA,utc时间:01时36分57秒  正确纬度:40度47分  正确经度:111度41分  卫星10 高度1057

 GPRMC,utc时间:01时36分58秒  正确纬度:40度47分  正确经度:111度41分  正确日期:2017年05月10日
GPGGA,utc时间:01时36分58秒  正确纬度:40度47分  正确经度:111度41分  卫星10 高度1057

 GPRMC,utc时间:01时36分59秒  正确纬度:40度47分  正确经度:111度41分  正确日期:2017年05月10日
GPGGA,utc时间:01时36分59秒  正确纬度:40度47分  正确经度:111度41分  卫星10 高度1057

 GPRMC,utc时间:01时37分00秒  正确纬度:40度47分  正确经度:111度41分  正确日期:2017年05月10日
GPGGA,utc时间:01时37分00秒  正确纬度:40度47分  正确经度:111度41分  卫星10 高度1057

 GPRMC,utc时间:01时37分01秒  正确纬度:40度47分  正确经度:111度41分  正确日期:2017年05月10日
GPGGA,utc时间:01时37分01秒  正确纬度:40度47分  正确经度:111度41分  卫星10 高度1057

 GPRMC,utc时间:01时37分02秒  正确纬度:40度47分  正确经度:111度41分  正确日期:2017年05月10日
GPGGA,utc时间:01时37分02秒  正确纬度:40度47分  正确经度:111度41分  卫星10 高度1057

 GPRMC,utc时间:01时37分03秒  正确纬度:40度47分  正确经度:111度41分  正确日期:2017年05月10日
GPGGA,utc时间:01时37分03秒  正确纬度:40度47分  正确经度:111度41分  卫星10 高度1057

 GPRMC,utc时间:01时37分04秒  正确纬度:40度47分  正确经度:111度41分  正确日期:2017年05月10日
GPGGA,utc时间:01时37分04秒  正确纬度:40度47分  正确经度:111度41分  卫星10 高度1057

 GPRMC,utc时间:01时37分05秒  正确纬度:40度47分  正确经度:111度41分  正确日期:2017年05月10日
GPGGA,utc时间:01时37分05秒  正确纬度:40度47分  正确经度:111度41分  卫星09 高度1053

 GPRMC,utc时间:01时37分06秒  正确纬度:40度47分  正确经度:111度41分  正确日期:2017年05月10日
GPGGA,utc时间:01时37分06秒  正确纬度:40度47分  正确经度:111度41分  卫星10 高度1053

 GPRMC,utc时间:01时37分07秒  正确纬度:40度47分  正确经度:111度41分  正确日期:2017年05月10日
GPGGA,utc时间:01时37分07秒  正确纬度:40度47分  正确经度:111度41分  卫星10 高度1054

 GPRMC,utc时间:01时37分08秒  正确纬度:40度47分  正确经度:111度41分  正确日期:2017年05月10日
GPGGA,utc时间:01时37分08秒  正确纬度:40度47分  正确经度:111度41分  卫星10 高度1054

 GPRMC,utc时间:01时37分09秒  正确纬度:40度47分  正确经度:111度41分  正确日期:2017年05月10日
GPGGA,utc时间:01时37分09秒  正确纬度:40度47分  正确经度:111度41分  卫星10 高度1054

 GPRMC,utc时间:01时37分10秒  正确纬度:40度47分  正确经度:111度41分  正确日期:2017年05月10日
GPGGA,utc时间:01时37分10秒  正确纬度:40度47分  正确经度:111度41分  卫星10 高度1054

 GPRMC,utc时间:01时37分11秒  正确纬度:40度47分  正确经度:111度41分  正确日期:2017年05月10日
GPGGA,utc时间:01时37分11秒  正确纬度:40度47分  正确经度:111度41分  卫星10 高度1054

 GPRMC,utc时间:01时37分12秒  正确纬度:40度47分  正确经度:111度41分  正确日期:2017年05月10日
GPGGA,utc时间:01时37分12秒  正确纬度:40度47分  正确经度:111度41分  卫星10 高度1054

 GPRMC,utc时间:01时37分13秒  正确纬度:40度47分  正确经度:111度41分  正确日期:2017年05月10日
GPGGA,utc时间:01时37分13秒  正确纬度:40度47分  正确经度:111度41分  卫星10 高度1055

 GPRMC,utc时间:01时37分14秒  正确纬度:40度47分  正确经度:111度41分  正确日期:2017年05月10日
GPGGA,utc时间:01时37分14秒  正确纬度:40度47分  正确经度:111度41分  卫星10 高度1055

 GPRMC,utc时间:01时37分15秒  正确纬度:40度47分  正确经度:111度41分  正确日期:2017年05月10日
GPGGA,utc时间:01时37分15秒  正确纬度:40度47分  正确经度:111度41分  卫星09 高度1056

 GPRMC,utc时间:01时37分16秒  正确纬度:40度47分  正确经度:111度41分  正确日期:2017年05月10日
GPGGA,utc时间:01时37分16秒  正确纬度:40度47分  正确经度:111度41分  卫星10 高度1056

 GPRMC,utc时间:01时37分17秒  正确纬度:40度47分  正确经度:111度41分  正确日期:2017年05月10日
GPGGA,utc时间:01时37分17秒  正确纬度:40度47分  正确经度:111度41分  卫星09 高度1056

 GPRMC,utc时间:01时37分18秒  正确纬度:40度47分  正确经度:111度41分  正确日期:2017年05月10日
GPGGA,utc时间:01时37分18秒  正确纬度:40度47分  正确经度:111度41分  卫星09 高度1056

 GPRMC,utc时间:01时37分19秒  正确纬度:40度47分  正确经度:111度41分  正确日期:2017年05月10日
GPGGA,utc时间:01时37分19秒  正确纬度:40度47分  正确经度:111度41分  卫星09 高度1057

 GPRMC,utc时间:01时37分20秒  正确纬度:40度47分  正确经度:111度41分  正确日期:2017年05月10日
GPGGA,utc时间:01时37分20秒  正确纬度:40度47分  正确经度:111度41分  卫星10 高度1057

 GPRMC,utc时间:01时37分21秒  正确纬度:40度47分  正确经度:111度41分  正确日期:2017年05月10日
GPGGA,utc时间:01时37分21秒  正确纬度:40度47分  正确经度:111度41分  卫星10 高度1057

 GPRMC,utc时间:01时37分22秒  正确纬度:40度47分  正确经度:111度41分  正确日期:2017年05月10日
GPGGA,utc时间:01时37分22秒  正确纬度:40度47分  正确经度:111度41分  卫星10 高度1058

 GPRMC,utc时间:01时37分23秒  正确纬度:40度47分  正确经度:111度41分  正确日期:2017年05月10日
GPGGA,utc时间:01时37分23秒  正确纬度:40度47分  正确经度:111度41分  卫星10 高度1059

 GPRMC,utc时间:01时37分24秒  正确纬度:40度47分  正确经度:111度41分  正确日期:2017年05月10日
GPGGA,utc时间:01时37分24秒  正确纬度:40度47分  正确经度:111度41分  卫星09 高度1059

 GPRMC,utc时间:01时37分25秒  正确纬度:40度47分  正确经度:111度41分  正确日期:2017年05月10日
GPGGA,utc时间:01时37分25秒  正确纬度:40度47分  正确经度:111度41分  卫星10 高度1060

 GPRMC,utc时间:01时37分26秒  正确纬度:40度47分  正确经度:111度41分  正确日期:2017年05月10日
GPGGA,utc时间:01时37分26秒  正确纬度:40度47分  正确经度:111度41分  卫星09 高度1060

 GPRMC,utc时间:01时37分27秒  正确纬度:40度47分  正确经度:111度41分  正确日期:2017年05月10日
GPGGA,utc时间:01时37分27秒  正确纬度:40度47分  正确经度:111度41分  卫星10 高度1060

 GPRMC,utc时间:01时37分28秒  正确纬度:40度47分  正确经度:111度41分  正确日期:2017年05月10日
GPGGA,utc时间:01时37分28秒  正确纬度:40度47分  正确经度:111度41分  卫星10 高度1060

 GPRMC,utc时间:01时37分29秒  正确纬度:40度47分  正确经度:111度41分  正确日期:2017年05月10日
GPGGA,utc时间:01时37分29秒  正确纬度:40度47分  正确经度:111度41分  卫星10 高度1060

 GPRMC,utc时间:01时37分30秒  正确纬度:40度47分  正确经度:111度41分  正确日期:2017年05月10日
GPGGA,utc时间:01时37分30秒  正确纬度:40度47分  正确经度:111度41分  卫星10 高度1060

 GPRMC,utc时间:01时37分31秒  正确纬度:40度47分  正确经度:111度41分  正确日期:2017年05月10日
GPGGA,utc时间:01时37分31秒  正确纬度:40度47分  正确经度:111度41分  卫星09 高度1061

 GPRMC,utc时间:01时37分32秒  正确纬度:40度47分  正确经度:111度41分  正确日期:2017年05月10日
GPGGA,utc时间:01时37分32秒  正确纬度:40度47分  正确经度:111度41分  卫星10 高度1061

 GPRMC,utc时间:01时37分33秒  正确纬度:40度47分  正确经度:111度41分  正确日期:2017年05月10日
GPGGA,utc时间:01时37分33秒  正确纬度:40度47分  正确经度:111度41分  卫星09 高度1061

 GPRMC,utc时间:01时37分34秒  正确纬度:40度47分  正确经度:111度41分  正确日期:2017年05月10日
GPGGA,utc时间:01时37分34秒  正确纬度:40度47分  正确经度:111度41分  卫星10 高度1061

 GPRMC,utc时间:01时37分35秒  正确纬度:40度47分  正确经度:111度41分  正确日期:2017年05月10日
GPGGA,utc时间:01时37分35秒  正确纬度:40度47分  正确经度:111度41分  卫星09 高度1061

 GPRMC,utc时间:01时37分36秒  正确纬度:40度47分  正确经度:111度41分  正确日期:2017年05月10日
GPGGA,utc时间:01时37分36秒  正确纬度:40度47分  正确经度:111度41分  卫星09 高度1061

 GPRMC,utc时间:01时37分37秒  正确纬度:40度47分  正确经度:111度41分  正确日期:2017年05月10日
GPGGA,utc时间:01时37分37秒  正确纬度:40度47分  正确经度:111度41分  卫星09 高度1061

 GPRMC,utc时间:01时37分38秒  正确纬度:40度47分  正确经度:111度41分  正确日期:2017年05月10日
GPGGA,utc时间:01时37分38秒  正确纬度:40度47分  正确经度:111度41分  卫星09 高度1061

 GPRMC,utc时间:01时37分39秒  正确纬度:40度47分  正确经度:111度41分  正确日期:2017年05月10日
GPGGA,utc时间:01时37分39秒  正确纬度:40度47分  正确经度:111度41分  卫星09 高度1061

 GPRMC,utc时间:01时37分40秒  正确纬度:40度47分  正确经度:111度41分  正确日期:2017年05月10日
GPGGA,utc时间:01时37分40秒  正确纬度:40度47分  正确经度:111度41分  卫星09 高度1062

 GPRMC,utc时间:01时37分41秒  正确纬度:40度47分  正确经度:111度41分  正确日期:2017年05月10日
GPGGA,utc时间:01时37分41秒  正确纬度:40度47分  正确经度:111度41分  卫星09 高度1062

 GPRMC,utc时间:01时37分42秒  正确纬度:40度47分  正确经度:111度41分  正确日期:2017年05月10日
GPGGA,utc时间:01时37分42秒  正确纬度:40度47分  正确经度:111度41分  卫星10 高度1062

 GPRMC,utc时间:01时37分43秒  正确纬度:40度47分  正确经度:111度41分  正确日期:2017年05月10日
GPGGA,utc时间:01时37分43秒  正确纬度:40度47分  正确经度:111度41分  卫星10 高度1062

 GPRMC,utc时间:01时37分44秒  正确纬度:40度47分  正确经度:111度41分  正确日期:2017年05月10日
GPGGA,utc时间:01时37分44秒  正确纬度:40度47分  正确经度:111度41分  卫星10 高度1062

 GPRMC,utc时间:01时37分45秒  正确纬度:40度47分  正确经度:111度41分  正确日期:2017年05月10日
GPGGA,utc时间:01时37分45秒  正确纬度:40度47分  正确经度:111度41分  卫星09 高度1062

 GPRMC,utc时间:01时37分46秒  正确纬度:40度47分  正确经度:111度41分  正确日期:2017年05月10日
GPGGA,utc时间:01时37分46秒  正确纬度:40度47分  正确经度:111度41分  卫星10 高度1062

 GPRMC,utc时间:01时37分47秒  正确纬度:40度47分  正确经度:111度41分  正确日期:2017年05月10日
GPGGA,utc时间:01时37分47秒  正确纬度:40度47分  正确经度:111度41分  卫星10 高度1062

 GPRMC,utc时间:01时37分48秒  正确纬度:40度47分  正确经度:111度41分  正确日期:2017年05月10日
GPGGA,utc时间:01时37分48秒  正确纬度:40度47分  正确经度:111度41分  卫星10 高度1062

 GPRMC,utc时间:01时37分49秒  正确纬度:40度47分  正确经度:111度41分  正确日期:2017年05月10日
GPGGA,utc时间:01时37分49秒  正确纬度:40度47分  正确经度:111度41分  卫星10 高度1062

 GPRMC,utc时间:01时37分50秒  正确纬度:40度47分  正确经度:111度41分  正确日期:2017年05月10日
GPGGA,utc时间:01时37分50秒  正确纬度:40度47分  正确经度:111度41分  卫星10 高度1063

 GPRMC,utc时间:01时37分51秒  正确纬度:40度47分  正确经度:111度41分  正确日期:2017年05月10日
GPGGA,utc时间:01时37分51秒  正确纬度:40度47分  正确经度:111度41分  卫星10 高度1063

 GPRMC,utc时间:01时37分52秒  正确纬度:40度47分  正确经度:111度41分  正确日期:2017年05月10日
GPGGA,utc时间:01时37分52秒  正确纬度:40度47分  正确经度:111度41分  卫星09 高度1064

 GPRMC,utc时间:01时37分53秒  正确纬度:40度47分  正确经度:111度41分  正确日期:2017年05月10日
GPGGA,utc时间:01时37分53秒  正确纬度:40度47分  正确经度:111度41分  卫星09 高度1064

 GPRMC,utc时间:01时37分54秒  正确纬度:40度47分  正确经度:111度41分  正确日期:2017年05月10日
GPGGA,utc时间:01时37分54秒  正确纬度:40度47分  正确经度:111度41分  卫星09 高度1064

 GPRMC,utc时间:01时37分55秒  正确纬度:40度47分  正确经度:111度41分  正确日期:2017年05月10日
GPGGA,utc时间:01时37分55秒  正确纬度:40度47分  正确经度:111度41分  卫星09 高度1064

 GPRMC,utc时间:01时37分56秒  正确纬度:40度47分  正确经度:111度41分  正确日期:2017年05月10日
GPGGA,utc时间:01时37分56秒  正确纬度:40度47分  正确经度:111度41分  卫星09 高度1063

 GPRMC,utc时间:01时37分57秒  正确纬度:40度47分  正确经度:111度41分  正确日期:2017年05月10日
GPGGA,utc时间:01时37分57秒  正确纬度:40度47分  正确经度:111度41分  卫星09 高度1063

 GPRMC,utc时间:01时37分58秒  正确纬度:40度47分  正确经度:111度41分  正确日期:2017年05月10日
GPGGA,utc时间:01时37分58秒  正确纬度:40度47分  正确经度:111度41分  卫星10 高度1063

 GPRMC,utc时间:01时37分59秒  正确纬度:40度47分  正确经度:111度41分  正确日期:2017年05月10日
GPGGA,utc时间:01时37分59秒  正确纬度:40度47分  正确经度:111度41分  卫星10 高度1063

 GPRMC,utc时间:01时38分00秒  正确纬度:40度47分  正确经度:111度41分  正确日期:2017年05月10日
GPGGA,utc时间:01时38分00秒  正确纬度:40度47分  正确经度:111度41分  卫星10 高度1062

 GPRMC,utc时间:01时38分01秒  正确纬度:40度47分  正确经度:111度41分  正确日期:2017年05月10日
GPGGA,utc时间:01时38分01秒  正确纬度:40度47分  正确经度:111度41分  卫星10 高度1062

 GPRMC,utc时间:01时38分02秒  正确纬度:40度47分  正确经度:111度41分  正确日期:2017年05月10日
GPGGA,utc时间:01时38分02秒  正确纬度:40度47分  正确经度:111度41分  卫星10 高度1062

 GPRMC,utc时间:01时38分03秒  正确纬度:40度47分  正确经度:111度41分  正确日期:2017年05月10日
GPGGA,utc时间:01时38分03秒  正确纬度:40度47分  正确经度:111度41分  卫星10 高度1062

 GPRMC,utc时间:01时38分04秒  正确纬度:40度47分  正确经度:111度41分  正确日期:2017年05月10日
GPGGA,utc时间:01时38分04秒  正确纬度:40度47分  正确经度:111度41分  卫星10 高度1062

 GPRMC,utc时间:01时38分05秒  正确纬度:40度47分  正确经度:111度41分  正确日期:2017年05月10日
GPGGA,utc时间:01时38分05秒  正确纬度:40度47分  正确经度:111度41分  卫星10 高度1062

 GPRMC,utc时间:01时38分06秒  正确纬度:40度47分  正确经度:111度41分  正确日期:2017年05月10日
GPGGA,utc时间:01时38分06秒  正确纬度:40度47分  正确经度:111度41分  卫星10 高度1062

 GPRMC,utc时间:01时38分07秒  正确纬度:40度47分  正确经度:111度41分  正确日期:2017年05月10日
GPGGA,utc时间:01时38分07秒  正确纬度:40度47分  正确经度:111度41分  卫星10 高度1063

 GPRMC,utc时间:01时38分08秒  正确纬度:40度47分  正确经度:111度41分  正确日期:2017年05月10日
GPGGA,utc时间:01时38分08秒  正确纬度:40度47分  正确经度:111度41分  卫星10 高度1063

 GPRMC,utc时间:01时38分09秒  正确纬度:40度47分  正确经度:111度41分  正确日期:2017年05月10日
GPGGA,utc时间:01时38分09秒  正确纬度:40度47分  正确经度:111度41分  卫星10 高度1063

 GPRMC,utc时间:01时38分10秒  正确纬度:40度47分  正确经度:111度41分  正确日期:2017年05月10日
GPGGA,utc时间:01时38分10秒  正确纬度:40度47分  正确经度:111度41分  卫星10 高度1064

 GPRMC,utc时间:01时38分11秒  正确纬度:40度47分  正确经度:111度41分  正确日期:2017年05月10日
GPGGA,utc时间:01时38分11秒  正确纬度:40度47分  正确经度:111度41分  卫星10 高度1064

 GPRMC,utc时间:01时38分12秒  正确纬度:40度47分  正确经度:111度41分  正确日期:2017年05月10日
GPGGA,utc时间:01时38分12秒  正确纬度:40度47分  正确经度:111度41分  卫星09 高度1064

 GPRMC,utc时间:01时38分13秒  正确纬度:40度47分  正确经度:111度41分  正确日期:2017年05月10日
GPGGA,utc时间:01时38分13秒  正确纬度:40度47分  正确经度:111度41分  卫星09 高度1064

 GPRMC,utc时间:01时38分14秒  正确纬度:40度47分  正确经度:111度41分  正确日期:2017年05月10日
GPGGA,utc时间:01时38分14秒  正确纬度:40度47分  正确经度:111度41分  卫星09 高度1064

 GPRMC,utc时间:01时38分15秒  正确纬度:40度47分  正确经度:111度41分  正确日期:2017年05月10日
GPGGA,utc时间:01时38分15秒  正确纬度:40度47分  正确经度:111度41分  卫星09 高度1064

 GPRMC,utc时间:01时38分16秒  正确纬度:40度47分  正确经度:111度41分  正确日期:2017年05月10日
GPGGA,utc时间:01时38分16秒  正确纬度:40度47分  正确经度:111度41分  卫星09 高度1064

 GPRMC,utc时间:01时38分17秒  正确纬度:40度47分  正确经度:111度41分  正确日期:2017年05月10日
GPGGA,utc时间:01时38分17秒  正确纬度:40度47分  正确经度:111度41分  卫星09 高度1064

 GPRMC,utc时间:01时38分18秒  正确纬度:40度47分  正确经度:111度41分  正确日期:2017年05月10日
GPGGA,utc时间:01时38分18秒  正确纬度:40度47分  正确经度:111度41分  卫星09 高度1064

 GPRMC,utc时间:01时38分19秒  正确纬度:40度47分  正确经度:111度41分  正确日期:2017年05月10日
GPGGA,utc时间:01时38分19秒  正确纬度:40度47分  正确经度:111度41分  卫星09 高度1064

 GPRMC,utc时间:01时38分20秒  正确纬度:40度47分  正确经度:111度41分  正确日期:2017年05月10日
GPGGA,utc时间:01时38分20秒  正确纬度:40度47分  正确经度:111度41分  卫星09 高度1064

 GPRMC,utc时间:01时38分21秒  正确纬度:40度47分  正确经度:111度41分  正确日期:2017年05月10日
GPGGA,utc时间:01时38分21秒  正确纬度:40度47分  正确经度:111度41分  卫星10 高度1064

 GPRMC,utc时间:01时38分22秒  正确纬度:40度47分  正确经度:111度41分  正确日期:2017年05月10日
GPGGA,utc时间:01时38分22秒  正确纬度:40度47分  正确经度:111度41分  卫星10 高度1064

 GPRMC,utc时间:01时38分23秒  正确纬度:40度47分  正确经度:111度41分  正确日期:2017年05月10日
GPGGA,utc时间:01时38分23秒  正确纬度:40度47分  正确经度:111度41分  卫星10 高度1064

 GPRMC,utc时间:01时38分24秒  正确纬度:40度47分  正确经度:111度41分  正确日期:2017年05月10日
GPGGA,utc时间:01时38分24秒  正确纬度:40度47分  正确经度:111度41分  卫星10 高度1064

 GPRMC,utc时间:01时38分25秒  正确纬度:40度47分  正确经度:111度41分  正确日期:2017年05月10日
GPGGA,utc时间:01时38分25秒  正确纬度:40度47分  正确经度:111度41分  卫星10 高度1064

 GPRMC,utc时间:01时38分26秒  正确纬度:40度47分  正确经度:111度41分  正确日期:2017年05月10日
GPGGA,utc时间:01时38分26秒  正确纬度:40度47分  正确经度:111度41分  卫星10 高度1064

 GPRMC,utc时间:01时38分27秒  正确纬度:40度47分  正确经度:111度41分  正确日期:2017年05月10日
GPGGA,utc时间:01时38分27秒  正确纬度:40度47分  正确经度:111度41分  卫星10 高度1064

 GPRMC,utc时间:01时38分28秒  正确纬度:40度47分  正确经度:111度41分  正确日期:2017年05月10日
GPGGA,utc时间:01时38分28秒  正确纬度:40度47分  正确经度:111度41分  卫星10 高度1064

 GPRMC,utc时间:01时38分29秒  正确纬度:40度47分  正确经度:111度41分  正确日期:2017年05月10日
GPGGA,utc时间:01时38分29秒  正确纬度:40度47分  正确经度:111度41分  卫星10 高度1064

 GPRMC,utc时间:01时38分30秒  正确纬度:40度47分  正确经度:111度41分  正确日期:2017年05月10日
GPGGA,utc时间:01时38分30秒  正确纬度:40度47分  正确经度:111度41分  卫星10 高度1064

 GPRMC,utc时间:01时38分31秒  正确纬度:40度47分  正确经度:111度41分  正确日期:2017年05月10日
GPGGA,utc时间:01时38分31秒  正确纬度:40度47分  正确经度:111度41分  卫星10 高度1064

 GPRMC,utc时间:01时38分32秒  正确纬度:40度47分  正确经度:111度41分  正确日期:2017年05月10日
GPGGA,utc时间:01时38分32秒  正确纬度:40度47分  正确经度:111度41分  卫星10 高度1064

 GPRMC,utc时间:01时38分33秒  正确纬度:40度47分  正确经度:111度41分  正确日期:2017年05月10日
GPGGA,utc时间:01时38分33秒  正确纬度:40度47分  正确经度:111度41分  卫星10 高度1064

 GPRMC,utc时间:01时38分34秒  正确纬度:40度47分  正确经度:111度41分  正确日期:2017年05月10日
GPGGA,utc时间:01时38分34秒  正确纬度:40度47分  正确经度:111度41分  卫星10 高度1064

 GPRMC,utc时间:01时38分35秒  正确纬度:40度47分  正确经度:111度41分  正确日期:2017年05月10日
GPGGA,utc时间:01时38分35秒  正确纬度:40度47分  正确经度:111度41分  卫星10 高度1064

 GPRMC,utc时间:01时38分36秒  正确纬度:40度47分  正确经度:111度41分  正确日期:2017年05月10日
GPGGA,utc时间:01时38分36秒  正确纬度:40度47分  正确经度:111度41分  卫星10 高度1064

 GPRMC,utc时间:01时38分37秒  正确纬度:40度47分  正确经度:111度41分  正确日期:2017年05月10日
GPGGA,utc时间:01时38分37秒  正确纬度:40度47分  正确经度:111度41分  卫星10 高度1064

 GPRMC,utc时间:01时38分38秒  正确纬度:40度47分  正确经度:111度41分  正确日期:2017年05月10日
GPGGA,utc时间:01时38分38秒  正确纬度:40度47分  正确经度:111度41分  卫星10 高度1064

 GPRMC,utc时间:01时38分39秒  正确纬度:40度47分  正确经度:111度41分  正确日期:2017年05月10日
GPGGA,utc时间:01时38分39秒  正确纬度:40度47分  正确经度:111度41分  卫星10 高度1064

 GPRMC,utc时间:01时38分40秒  正确纬度:40度47分  正确经度:111度41分  正确日期:2017年05月10日
GPGGA,utc时间:01时38分40秒  正确纬度:40度47分  正确经度:111度41分  卫星10 高度1064

 GPRMC,utc时间:01时38分41秒  正确纬度:40度47分  正确经度:111度41分  正确日期:2017年05月10日
GPGGA,utc时间:01时38分41秒  正确纬度:40度47分  正确经度:111度41分  卫星10 高度1064

 GPRMC,utc时间:01时38分42秒  正确纬度:40度47分  正确经度:111度41分  正确日期:2017年05月10日
GPGGA,utc时间:01时38分42秒  正确纬度:40度47分  正确经度:111度41分  卫星09 高度1064

 GPRMC,utc时间:01时38分43秒  正确纬度:40度47分  正确经度:111度41分  正确日期:2017年05月10日
GPGGA,utc时间:01时38分43秒  正确纬度:40度47分  正确经度:111度41分  卫星09 高度1064

 GPRMC,utc时间:01时38分44秒  正确纬度:40度47分  正确经度:111度41分  正确日期:2017年05月10日
GPGGA,utc时间:01时38分44秒  正确纬度:40度47分  正确经度:111度41分  卫星09 高度1064

 GPRMC,utc时间:01时38分45秒  正确纬度:40度47分  正确经度:111度41分  正确日期:2017年05月10日
GPGGA,utc时间:01时38分45秒  正确纬度:40度47分  正确经度:111度41分  卫星10 高度1064

 GPRMC,utc时间:01时38分46秒  正确纬度:40度47分  正确经度:111度41分  正确日期:2017年05月10日
GPGGA,utc时间:01时38分46秒  正确纬度:40度47分  正确经度:111度41分  卫星09 高度1063

 GPRMC,utc时间:01时38分47秒  正确纬度:40度47分  正确经度:111度41分  正确日期:2017年05月10日
GPGGA,utc时间:01时38分47秒  正确纬度:40度47分  正确经度:111度41分  卫星09 高度1063

 GPRMC,utc时间:01时38分48秒  正确纬度:40度47分  正确经度:111度41分  正确日期:2017年05月10日
GPGGA,utc时间:01时38分48秒  正确纬度:40度47分  正确经度:111度41分  卫星09 高度1063

 GPRMC,utc时间:01时38分49秒  正确纬度:40度47分  正确经度:111度41分  正确日期:2017年05月10日
GPGGA,utc时间:01时38分49秒  正确纬度:40度47分  正确经度:111度41分  卫星09 高度1063

 GPRMC,utc时间:01时38分50秒  正确纬度:40度47分  正确经度:111度41分  正确日期:2017年05月10日
GPGGA,utc时间:01时38分50秒  正确纬度:40度47分  正确经度:111度41分  卫星10 高度1063

 GPRMC,utc时间:01时38分51秒  正确纬度:40度47分  正确经度:111度41分  正确日期:2017年05月10日
GPGGA,utc时间:01时38分51秒  正确纬度:40度47分  正确经度:111度41分  卫星08 高度1063

 GPRMC,utc时间:01时38分52秒  正确纬度:40度47分  正确经度:111度41分  正确日期:2017年05月10日
GPGGA,utc时间:01时38分52秒  正确纬度:40度47分  正确经度:111度41分  卫星09 高度1063

 GPRMC,utc时间:01时38分53秒  正确纬度:40度47分  正确经度:111度41分  正确日期:2017年05月10日
GPGGA,utc时间:01时38分53秒  正确纬度:40度47分  正确经度:111度41分  卫星09 高度1063

 GPRMC,utc时间:01时38分54秒  正确纬度:40度47分  正确经度:111度41分  正确日期:2017年05月10日
GPGGA,utc时间:01时38分54秒  正确纬度:40度47分  正确经度:111度41分  卫星09 高度1063

 GPRMC,utc时间:01时38分55秒  正确纬度:40度47分  正确经度:111度41分  正确日期:2017年05月10日
GPGGA,utc时间:01时38分55秒  正确纬度:40度47分  正确经度:111度41分  卫星09 高度1063

 GPRMC,utc时间:01时38分56秒  正确纬度:40度47分  正确经度:111度41分  正确日期:2017年05月10日
GPGGA,utc时间:01时38分56秒  正确纬度:40度47分  正确经度:111度41分  卫星09 高度1063

 GPRMC,utc时间:01时38分57秒  正确纬度:40度47分  正确经度:111度41分  正确日期:2017年05月10日
GPGGA,utc时间:01时38分57秒  正确纬度:40度47分  正确经度:111度41分  卫星09 高度1063

 GPRMC,utc时间:01时38分58秒  正确纬度:40度47分  正确经度:111度41分  正确日期:2017年05月10日
GPGGA,utc时间:01时38分58秒  正确纬度:40度47分  正确经度:111度41分  卫星09 高度1063

 GPRMC,utc时间:01时38分59秒  正确纬度:40度47分  正确经度:111度41分  正确日期:2017年05月10日
GPGGA,utc时间:01时38分59秒  正确纬度:40度47分  正确经度:111度41分  卫星10 高度1063

 GPRMC,utc时间:01时39分00秒  正确纬度:40度47分  正确经度:111度41分  正确日期:2017年05月10日
GPGGA,utc时间:01时39分00秒  正确纬度:40度47分  正确经度:111度41分  卫星10 高度1063

 GPRMC,utc时间:01时39分01秒  正确纬度:40度47分  正确经度:111度41分  正确日期:2017年05月10日
GPGGA,utc时间:01时39分01秒  正确纬度:40度47分  正确经度:111度41分  卫星10 高度1063

 GPRMC,utc时间:01时39分02秒  正确纬度:40度47分  正确经度:111度41分  正确日期:2017年05月10日
GPGGA,utc时间:01时39分02秒  正确纬度:40度47分  正确经度:111度41分  卫星10 高度1063

 GPRMC,utc时间:01时39分03秒  正确纬度:40度47分  正确经度:111度41分  正确日期:2017年05月10日
GPGGA,utc时间:01时39分03秒  正确纬度:40度47分  正确经度:111度41分  卫星10 高度1063

 GPRMC,utc时间:01时39分04秒  正确纬度:40度47分  正确经度:111度41分  正确日期:2017年05月10日
GPGGA,utc时间:01时39分04秒  正确纬度:40度47分  正确经度:111度41分  卫星10 高度1063

 GPRMC,utc时间:01时39分05秒  正确纬度:40度47分  正确经度:111度41分  正确日期:2017年05月10日
GPGGA,utc时间:01时39分05秒  正确纬度:40度47分  正确经度:111度41分  卫星10 高度1063

 GPRMC,utc时间:01时39分06秒  正确纬度:40度47分  正确经度:111度41分  正确日期:2017年05月10日
GPGGA,utc时间:01时39分06秒  正确纬度:40度47分  正确经度:111度41分  卫星09 高度1063

 GPRMC,utc时间:01时39分07秒  正确纬度:40度47分  正确经度:111度41分  正确日期:2017年05月10日
GPGGA,utc时间:01时39分07秒  正确纬度:40度47分  正确经度:111度41分  卫星09 高度1063

 GPRMC,utc时间:01时39分08秒  正确纬度:40度47分  正确经度:111度41分  正确日期:2017年05月10日
GPGGA,utc时间:01时39分08秒  正确纬度:40度47分  正确经度:111度41分  卫星10 高度1063

 GPRMC,utc时间:01时39分09秒  正确纬度:40度47分  正确经度:111度41分  正确日期:2017年05月10日
GPGGA,utc时间:01时39分09秒  正确纬度:40度47分  正确经度:111度41分  卫星10 高度1063

 GPRMC,utc时间:01时39分10秒  正确纬度:40度47分  正确经度:111度41分  正确日期:2017年05月10日
GPGGA,utc时间:01时39分10秒  正确纬度:40度47分  正确经度:111度41分  卫星10 高度1063

 GPRMC,utc时间:01时39分11秒  正确纬度:40度47分  正确经度:111度41分  正确日期:2017年05月10日
GPGGA,utc时间:01时39分11秒  正确纬度:40度47分  正确经度:111度41分  卫星10 高度1063

 GPRMC,utc时间:01时39分12秒  正确纬度:40度47分  正确经度:111度41分  正确日期:2017年05月10日
GPGGA,utc时间:01时39分12秒  正确纬度:40度47分  正确经度:111度41分  卫星10 高度1063

 GPRMC,utc时间:01时39分13秒  正确纬度:40度47分  正确经度:111度41分  正确日期:2017年05月10日
GPGGA,utc时间:01时39分13秒  正确纬度:40度47分  正确经度:111度41分  卫星10 高度1063

 GPRMC,utc时间:01时39分14秒  正确纬度:40度47分  正确经度:111度41分  正确日期:2017年05月10日
GPGGA,utc时间:01时39分14秒  正确纬度:40度47分  正确经度:111度41分  卫星10 高度1063

 GPRMC,utc时间:01时39分15秒  正确纬度:40度47分  正确经度:111度41分  正确日期:2017年05月10日
GPGGA,utc时间:01时39分15秒  正确纬度:40度47分  正确经度:111度41分  卫星09 高度1063

 GPRMC,utc时间:01时39分16秒  正确纬度:40度47分  正确经度:111度41分  正确日期:2017年05月10日
GPGGA,utc时间:01时39分16秒  正确纬度:40度47分  正确经度:111度41分  卫星10 高度1063

 GPRMC,utc时间:01时39分17秒  正确纬度:40度47分  正确经度:111度41分  正确日期:2017年05月10日
GPGGA,utc时间:01时39分17秒  正确纬度:40度47分  正确经度:111度41分  卫星10 高度1063

 GPRMC,utc时间:01时39分18秒  正确纬度:40度47分  正确经度:111度41分  正确日期:2017年05月10日
GPGGA,utc时间:01时39分18秒  正确纬度:40度47分  正确经度:111度41分  卫星10 高度1063

 GPRMC,utc时间:01时39分19秒  正确纬度:40度47分  正确经度:111度41分  正确日期:2017年05月10日
GPGGA,utc时间:01时39分19秒  正确纬度:40度47分  正确经度:111度41分  卫星10 高度1063

 GPRMC,utc时间:01时39分20秒  正确纬度:40度47分  正确经度:111度41分  正确日期:2017年05月10日
GPGGA,utc时间:01时39分20秒  正确纬度:40度47分  正确经度:111度41分  卫星10 高度1063

 GPRMC,utc时间:01时39分21秒  正确纬度:40度47分  正确经度:111度41分  正确日期:2017年05月10日
GPGGA,utc时间:01时39分21秒  正确纬度:40度47分  正确经度:111度41分  卫星10 高度1063

 GPRMC,utc时间:01时39分22秒  正确纬度:40度48分  正确经度:111度41分  正确日期:2017年05月10日
GPGGA,utc时间:01时39分22秒  正确纬度:40度48分  正确经度:111度41分  卫星10 高度1064

 GPRMC,utc时间:01时39分23秒  正确纬度:40度48分  正确经度:111度41分  正确日期:2017年05月10日
GPGGA,utc时间:01时39分23秒  正确纬度:40度48分  正确经度:111度41分  卫星10 高度1064

 GPRMC,utc时间:01时39分24秒  正确纬度:40度48分  正确经度:111度41分  正确日期:2017年05月10日
GPGGA,utc时间:01时39分24秒  正确纬度:40度48分  正确经度:111度41分  卫星10 高度1065

 GPRMC,utc时间:01时39分25秒  正确纬度:40度48分  正确经度:111度41分  正确日期:2017年05月10日
GPGGA,utc时间:01时39分25秒  正确纬度:40度48分  正确经度:111度41分  卫星10 高度1066

 GPRMC,utc时间:01时39分26秒  正确纬度:40度48分  正确经度:111度41分  正确日期:2017年05月10日
GPGGA,utc时间:01时39分26秒  正确纬度:40度48分  正确经度:111度41分  卫星10 高度1066

 GPRMC,utc时间:01时39分27秒  正确纬度:40度48分  正确经度:111度41分  正确日期:2017年05月10日
GPGGA,utc时间:01时39分27秒  正确纬度:40度48分  正确经度:111度41分  卫星10 高度1067

 GPRMC,utc时间:01时39分28秒  正确纬度:40度48分  正确经度:111度41分  正确日期:2017年05月10日
GPGGA,utc时间:01时39分28秒  正确纬度:40度48分  正确经度:111度41分  卫星10 高度1067

 GPRMC,utc时间:01时39分29秒  正确纬度:40度48分  正确经度:111度41分  正确日期:2017年05月10日
GPGGA,utc时间:01时39分29秒  正确纬度:40度48分  正确经度:111度41分  卫星10 高度1068

 GPRMC,utc时间:01时39分30秒  正确纬度:40度48分  正确经度:111度41分  正确日期:2017年05月10日
GPGGA,utc时间:01时39分30秒  正确纬度:40度48分  正确经度:111度41分  卫星10 高度1069

 GPRMC,utc时间:01时39分31秒  正确纬度:40度48分  正确经度:111度41分  正确日期:2017年05月10日
GPGGA,utc时间:01时39分31秒  正确纬度:40度48分  正确经度:111度41分  卫星10 高度1069

 GPRMC,utc时间:01时39分31秒  正确纬度:40度48分  正确经度:111度41分  正确日期:2017年05月10日
GPGGA,utc时间:01时39分31秒  正确纬度:40度48分  正确经度:111度41分  卫星10 高度1069

 GPRMC,utc时间:01时39分32秒  正确纬度:40度48分  正确经度:111度41分  正确日期:2017年05月10日
GPGGA,utc时间:01时39分32秒  正确纬度:40度48分  正确经度:111度41分  卫星10 高度1069

 GPRMC,utc时间:01时39分33秒  正确纬度:40度48分  正确经度:111度41分  正确日期:2017年05月10日
GPGGA,utc时间:01时39分33秒  正确纬度:40度48分  正确经度:111度41分  卫星10 高度1069

 GPRMC,utc时间:01时39分34秒  正确纬度:40度48分  正确经度:111度41分  正确日期:2017年05月10日
GPGGA,utc时间:01时39分34秒  正确纬度:40度48分  正确经度:111度41分  卫星10 高度1069

 GPRMC,utc时间:01时39分35秒  正确纬度:40度48分  正确经度:111度41分  正确日期:2017年05月10日
GPGGA,utc时间:01时39分35秒  正确纬度:40度48分  正确经度:111度41分  卫星09 高度1068

 GPRMC,utc时间:01时39分36秒  正确纬度:40度48分  正确经度:111度41分  正确日期:2017年05月10日
GPGGA,utc时间:01时39分36秒  正确纬度:40度48分  正确经度:111度41分  卫星10 高度1069

 GPRMC,utc时间:01时39分37秒  正确纬度:40度48分  正确经度:111度41分  正确日期:2017年05月10日
GPGGA,utc时间:01时39分37秒  正确纬度:40度48分  正确经度:111度41分  卫星09 高度1069

 GPRMC,utc时间:01时39分38秒  正确纬度:40度48分  正确经度:111度41分  正确日期:2017年05月10日
GPGGA,utc时间:01时39分38秒  正确纬度:40度48分  正确经度:111度41分  卫星09 高度1068

 GPRMC,utc时间:01时39分39秒  正确纬度:40度48分  正确经度:111度41分  正确日期:2017年05月10日
GPGGA,utc时间:01时39分39秒  正确纬度:40度48分  正确经度:111度41分  卫星09 高度1068

 GPRMC,utc时间:01时39分40秒  正确纬度:40度48分  正确经度:111度41分  正确日期:2017年05月10日
GPGGA,utc时间:01时39分40秒  正确纬度:40度48分  正确经度:111度41分  卫星09 高度1067

 GPRMC,utc时间:01时39分41秒  正确纬度:40度48分  正确经度:111度41分  正确日期:2017年05月10日
GPGGA,utc时间:01时39分41秒  正确纬度:40度48分  正确经度:111度41分  卫星08 高度1067

 GPRMC,utc时间:01时39分42秒  正确纬度:40度48分  正确经度:111度41分  正确日期:2017年05月10日
GPGGA,utc时间:01时39分42秒  正确纬度:40度48分  正确经度:111度41分  卫星09 高度1067

 GPRMC,utc时间:01时39分44秒  正确纬度:40度48分  正确经度:111度41分  正确日期:2017年05月10日
GPGGA,utc时间:01时39分44秒  正确纬度:40度48分  正确经度:111度41分  卫星09 高度1067

 GPRMC,utc时间:01时39分45秒  正确纬度:40度48分  正确经度:111度41分  正确日期:2017年05月10日
GPGGA,utc时间:01时39分45秒  正确纬度:40度48分  正确经度:111度41分  卫星09 高度1067

 GPRMC,utc时间:01时39分46秒  正确纬度:40度48分  正确经度:111度41分  正确日期:2017年05月10日
GPGGA,utc时间:01时39分46秒  正确纬度:40度48分  正确经度:111度41分  卫星09 高度1068

 GPRMC,utc时间:01时39分46秒  正确纬度:40度48分  正确经度:111度41分  正确日期:2017年05月10日
GPGGA,utc时间:01时39分46秒  正确纬度:40度48分  正确经度:111度41分  卫星09 高度1068

 GPRMC,utc时间:01时39分48秒  正确纬度:40度48分  正确经度:111度41分  正确日期:2017年05月10日
GPGGA,utc时间:01时39分48秒  正确纬度:40度48分  正确经度:111度41分  卫星08 高度1068

 GPRMC,utc时间:01时39分48秒  正确纬度:40度48分  正确经度:111度41分  正确日期:2017年05月10日
GPGGA,utc时间:01时39分48秒  正确纬度:40度48分  正确经度:111度41分  卫星08 高度1069

 GPRMC,utc时间:01时39分50秒  正确纬度:40度48分  正确经度:111度41分  正确日期:2017年05月10日
GPGGA,utc时间:01时39分50秒  正确纬度:40度48分  正确经度:111度41分  卫星08 高度1069

 GPRMC,utc时间:01时39分50秒  正确纬度:40度48分  正确经度:111度41分  正确日期:2017年05月10日
GPGGA,utc时间:01时39分50秒  正确纬度:40度48分  正确经度:111度41分  卫星09 高度1070

 GPRMC,utc时间:01时39分51秒  正确纬度:40度48分  正确经度:111度41分  正确日期:2017年05月10日
GPGGA,utc时间:01时39分51秒  正确纬度:40度48分  正确经度:111度41分  卫星09 高度1070

 GPRMC,utc时间:01时39分52秒  正确纬度:40度48分  正确经度:111度41分  正确日期:2017年05月10日
GPGGA,utc时间:01时39分52秒  正确纬度:40度48分  正确经度:111度41分  卫星09 高度1070

 GPRMC,utc时间:01时39分53秒  正确纬度:40度48分  正确经度:111度41分  正确日期:2017年05月10日
GPGGA,utc时间:01时39分53秒  正确纬度:40度48分  正确经度:111度41分  卫星09 高度1070

 GPRMC,utc时间:01时39分55秒  正确纬度:40度48分  正确经度:111度41分  正确日期:2017年05月10日
GPGGA,utc时间:01时39分55秒  正确纬度:40度48分  正确经度:111度41分  卫星09 高度1070

 GPRMC,utc时间:01时39分55秒  正确纬度:40度48分  正确经度:111度41分  正确日期:2017年05月10日
GPGGA,utc时间:01时39分55秒  正确纬度:40度48分  正确经度:111度41分  卫星09 高度1069

 GPRMC,utc时间:01时39分56秒  正确纬度:40度48分  正确经度:111度41分  正确日期:2017年05月10日
GPGGA,utc时间:01时39分56秒  正确纬度:40度48分  正确经度:111度41分  卫星09 高度1069

 GPRMC,utc时间:01时39分57秒  正确纬度:40度48分  正确经度:111度41分  正确日期:2017年05月10日
GPGGA,utc时间:01时39分57秒  正确纬度:40度48分  正确经度:111度41分  卫星10 高度1070

 GPRMC,utc时间:01时39分58秒  正确纬度:40度48分  正确经度:111度41分  正确日期:2017年05月10日
GPGGA,utc时间:01时39分58秒  正确纬度:40度48分  正确经度:111度41分  卫星10 高度1070

 GPRMC,utc时间:01时39分59秒  正确纬度:40度48分  正确经度:111度41分  正确日期:2017年05月10日
GPGGA,utc时间:01时39分59秒  正确纬度:40度48分  正确经度:111度41分  卫星10 高度1070

 GPRMC,utc时间:01时40分00秒  正确纬度:40度48分  正确经度:111度41分  正确日期:2017年05月10日
GPGGA,utc时间:01时40分00秒  正确纬度:40度48分  正确经度:111度41分  卫星10 高度1070

 GPRMC,utc时间:01时40分02秒  正确纬度:40度48分  正确经度:111度41分  正确日期:2017年05月10日
GPGGA,utc时间:01时40分02秒  正确纬度:40度48分  正确经度:111度41分  卫星10 高度1070

 GPRMC,utc时间:01时40分02秒  正确纬度:40度48分  正确经度:111度41分  正确日期:2017年05月10日
GPGGA,utc时间:01时40分02秒  正确纬度:40度48分  正确经度:111度41分  卫星10 高度1069

 GPRMC,utc时间:01时40分04秒  正确纬度:40度48分  正确经度:111度41分  正确日期:2017年05月10日
GPGGA,utc时间:01时40分04秒  正确纬度:40度48分  正确经度:111度41分  卫星10 高度1069

 GPRMC,utc时间:01时40分04秒  正确纬度:40度48分  正确经度:111度41分  正确日期:2017年05月10日
GPGGA,utc时间:01时40分04秒  正确纬度:40度48分  正确经度:111度41分  卫星10 高度1070

 GPRMC,utc时间:01时40分05秒  正确纬度:40度48分  正确经度:111度41分  正确日期:2017年05月10日
GPGGA,utc时间:01时40分05秒  正确纬度:40度48分  正确经度:111度41分  卫星10 高度1069

 GPRMC,utc时间:01时40分06秒  正确纬度:40度48分  正确经度:111度41分  正确日期:2017年05月10日
GPGGA,utc时间:01时40分06秒  正确纬度:40度48分  正确经度:111度41分  卫星10 高度1069

 GPRMC,utc时间:01时40分07秒  正确纬度:40度48分  正确经度:111度41分  正确日期:2017年05月10日
GPGGA,utc时间:01时40分07秒  正确纬度:40度48分  正确经度:111度41分  卫星10 高度1069

 GPRMC,utc时间:01时40分08秒  正确纬度:40度48分  正确经度:111度41分  正确日期:2017年05月10日
GPGGA,utc时间:01时40分08秒  正确纬度:40度48分  正确经度:111度41分  卫星10 高度1069

 GPRMC,utc时间:01时40分09秒  正确纬度:40度48分  正确经度:111度41分  正确日期:2017年05月10日
GPGGA,utc时间:01时40分09秒  正确纬度:40度48分  正确经度:111度41分  卫星10 高度1070

 GPRMC,utc时间:01时40分10秒  正确纬度:40度48分  正确经度:111度41分  正确日期:2017年05月10日
GPGGA,utc时间:01时40分10秒  正确纬度:40度48分  正确经度:111度41分  卫星10 高度1070

 GPRMC,utc时间:01时40分11秒  正确纬度:40度48分  正确经度:111度41分  正确日期:2017年05月10日
GPGGA,utc时间:01时40分11秒  正确纬度:40度48分  正确经度:111度41分  卫星10 高度1070

 GPRMC,utc时间:01时40分12秒  正确纬度:40度48分  正确经度:111度41分  正确日期:2017年05月10日
GPGGA,utc时间:01时40分12秒  正确纬度:40度48分  正确经度:111度41分  卫星10 高度1070

 GPRMC,utc时间:01时40分13秒  正确纬度:40度48分  正确经度:111度41分  正确日期:2017年05月10日
GPGGA,utc时间:01时40分13秒  正确纬度:40度48分  正确经度:111度41分  卫星10 高度1070

 GPRMC,utc时间:01时40分14秒  正确纬度:40度48分  正确经度:111度41分  正确日期:2017年05月10日
GPGGA,utc时间:01时40分14秒  正确纬度:40度48分  正确经度:111度41分  卫星10 高度1070

 GPRMC,utc时间:01时40分16秒  正确纬度:40度48分  正确经度:111度41分  正确日期:2017年05月10日
GPGGA,utc时间:01时40分16秒  正确纬度:40度48分  正确经度:111度41分  卫星10 高度1071

 GPRMC,utc时间:01时40分16秒  正确纬度:40度48分  正确经度:111度41分  正确日期:2017年05月10日
GPGGA,utc时间:01时40分16秒  正确纬度:40度48分  正确经度:111度41分  卫星10 高度1070

 GPRMC,utc时间:01时40分17秒  正确纬度:40度48分  正确经度:111度41分  正确日期:2017年05月10日
GPGGA,utc时间:01时40分17秒  正确纬度:40度48分  正确经度:111度41分  卫星10 高度1071

 GPRMC,utc时间:01时40分19秒  正确纬度:40度48分  正确经度:111度41分  正确日期:2017年05月10日
GPGGA,utc时间:01时40分19秒  正确纬度:40度48分  正确经度:111度41分  卫星10 高度1071

 GPRMC,utc时间:01时40分19秒  正确纬度:40度48分  正确经度:111度41分  正确日期:2017年05月10日
GPGGA,utc时间:01时40分19秒  正确纬度:40度48分  正确经度:111度41分  卫星10 高度1071

 GPRMC,utc时间:01时40分20秒  正确纬度:40度48分  正确经度:111度41分  正确日期:2017年05月10日
GPGGA,utc时间:01时40分20秒  正确纬度:40度48分  正确经度:111度41分  卫星10 高度1071

 GPRMC,utc时间:01时40分22秒  正确纬度:40度48分  正确经度:111度41分  正确日期:2017年05月10日
GPGGA,utc时间:01时40分22秒  正确纬度:40度48分  正确经度:111度41分  卫星10 高度1071

 GPRMC,utc时间:01时40分22秒  正确纬度:40度48分  正确经度:111度41分  正确日期:2017年05月10日
GPGGA,utc时间:01时40分22秒  正确纬度:40度48分  正确经度:111度41分  卫星10 高度1071

 GPRMC,utc时间:01时40分23秒  正确纬度:40度48分  正确经度:111度41分  正确日期:2017年05月10日
GPGGA,utc时间:01时40分23秒  正确纬度:40度48分  正确经度:111度41分  卫星10 高度1071

 GPRMC,utc时间:01时40分24秒  正确纬度:40度48分  正确经度:111度41分  正确日期:2017年05月10日
GPGGA,utc时间:01时40分24秒  正确纬度:40度48分  正确经度:111度41分  卫星10 高度1071

 GPRMC,utc时间:01时40分25秒  正确纬度:40度48分  正确经度:111度41分  正确日期:2017年05月10日
GPGGA,utc时间:01时40分25秒  正确纬度:40度48分  正确经度:111度41分  卫星10 高度1071

 GPRMC,utc时间:01时40分26秒  正确纬度:40度48分  正确经度:111度41分  正确日期:2017年05月10日
GPGGA,utc时间:01时40分26秒  正确纬度:40度48分  正确经度:111度41分  卫星10 高度1070

 GPRMC,utc时间:01时40分28秒  正确纬度:40度48分  正确经度:111度41分  正确日期:2017年05月10日
GPGGA,utc时间:01时40分28秒  正确纬度:40度48分  正确经度:111度41分  卫星10 高度1070

 GPRMC,utc时间:01时40分29秒  正确纬度:40度48分  正确经度:111度41分  正确日期:2017年05月10日
GPGGA,utc时间:01时40分29秒  正确纬度:40度48分  正确经度:111度41分  卫星10 高度1070

 GPRMC,utc时间:01时40分29秒  正确纬度:40度48分  正确经度:111度41分  正确日期:2017年05月10日
GPGGA,utc时间:01时40分29秒  正确纬度:40度48分  正确经度:111度41分  卫星10 高度1070

 GPRMC,utc时间:01时40分30秒  正确纬度:40度48分  正确经度:111度41分  正确日期:2017年05月10日
GPGGA,utc时间:01时40分30秒  正确纬度:40度48分  正确经度:111度41分  卫星10 高度1070

 GPRMC,utc时间:01时40分31秒  正确纬度:40度48分  正确经度:111度41分  正确日期:2017年05月10日
GPGGA,utc时间:01时40分31秒  正确纬度:40度48分  正确经度:111度41分  卫星10 高度1070

 GPRMC,utc时间:01时40分32秒  正确纬度:40度48分  正确经度:111度41分  正确日期:2017年05月10日
GPGGA,utc时间:01时40分32秒  正确纬度:40度48分  正确经度:111度41分  卫星10 高度1070

 GPRMC,utc时间:01时40分34秒  正确纬度:40度48分  正确经度:111度41分  正确日期:2017年05月10日
GPGGA,utc时间:01时40分34秒  正确纬度:40度48分  正确经度:111度41分  卫星10 高度1070

 GPRMC,utc时间:01时40分34秒  正确纬度:40度48分  正确经度:111度41分  正确日期:2017年05月10日
GPGGA,utc时间:01时40分34秒  正确纬度:40度48分  正确经度:111度41分  卫星10 高度1070

 GPRMC,utc时间:01时40分35秒  正确纬度:40度48分  正确经度:111度41分  正确日期:2017年05月10日
GPGGA,utc时间:01时40分35秒  正确纬度:40度48分  正确经度:111度41分  卫星10 高度1070

 GPRMC,utc时间:01时40分36秒  正确纬度:40度48分  正确经度:111度41分  正确日期:2017年05月10日
GPGGA,utc时间:01时40分36秒  正确纬度:40度48分  正确经度:111度41分  卫星10 高度1070

 GPRMC,utc时间:01时40分37秒  正确纬度:40度48分  正确经度:111度41分  正确日期:2017年05月10日
GPGGA,utc时间:01时40分37秒  正确纬度:40度48分  正确经度:111度41分  卫星10 高度1070

 GPRMC,utc时间:01时40分38秒  正确纬度:40度48分  正确经度:111度41分  正确日期:2017年05月10日
GPGGA,utc时间:01时40分38秒  正确纬度:40度48分  正确经度:111度41分  卫星10 高度1070

 GPRMC,utc时间:01时40分39秒  正确纬度:40度48分  正确经度:111度41分  正确日期:2017年05月10日
GPGGA,utc时间:01时40分39秒  正确纬度:40度48分  正确经度:111度41分  卫星10 高度1070

 GPRMC,utc时间:01时40分40秒  正确纬度:40度48分  正确经度:111度41分  正确日期:2017年05月10日
GPGGA,utc时间:01时40分40秒  正确纬度:40度48分  正确经度:111度41分  卫星10 高度1070

 GPRMC,utc时间:01时40分41秒  正确纬度:40度48分  正确经度:111度41分  正确日期:2017年05月10日
GPGGA,utc时间:01时40分41秒  正确纬度:40度48分  正确经度:111度41分  卫星10 高度1070

 GPRMC,utc时间:01时40分42秒  正确纬度:40度48分  正确经度:111度41分  正确日期:2017年05月10日
GPGGA,utc时间:01时40分42秒  正确纬度:40度48分  正确经度:111度41分  卫星10 高度1070

 GPRMC,utc时间:01时40分43秒  正确纬度:40度48分  正确经度:111度41分  正确日期:2017年05月10日
GPGGA,utc时间:01时40分43秒  正确纬度:40度48分  正确经度:111度41分  卫星10 高度1069

 GPRMC,utc时间:01时40分44秒  正确纬度:40度48分  正确经度:111度41分  正确日期:2017年05月10日
GPGGA,utc时间:01时40分44秒  正确纬度:40度48分  正确经度:111度41分  卫星10 高度1069

 GPRMC,utc时间:01时40分45秒  正确纬度:40度48分  正确经度:111度41分  正确日期:2017年05月10日
GPGGA,utc时间:01时40分45秒  正确纬度:40度48分  正确经度:111度41分  卫星10 高度1068

 GPRMC,utc时间:01时40分46秒  正确纬度:40度48分  正确经度:111度41分  正确日期:2017年05月10日
GPGGA,utc时间:01时40分46秒  正确纬度:40度48分  正确经度:111度41分  卫星10 高度1068

 GPRMC,utc时间:01时40分47秒  正确纬度:40度48分  正确经度:111度41分  正确日期:2017年05月10日
GPGGA,utc时间:01时40分47秒  正确纬度:40度48分  正确经度:111度41分  卫星10 高度1067

 GPRMC,utc时间:01时40分48秒  正确纬度:40度48分  正确经度:111度41分  正确日期:2017年05月10日
GPGGA,utc时间:01时40分48秒  正确纬度:40度48分  正确经度:111度41分  卫星10 高度1066

 GPRMC,utc时间:01时40分49秒  正确纬度:40度48分  正确经度:111度41分  正确日期:2017年05月10日
GPGGA,utc时间:01时40分49秒  正确纬度:40度48分  正确经度:111度41分  卫星10 高度1065

 GPRMC,utc时间:01时40分50秒  正确纬度:40度48分  正确经度:111度41分  正确日期:2017年05月10日
GPGGA,utc时间:01时40分50秒  正确纬度:40度48分  正确经度:111度41分  卫星09 高度1065

 GPRMC,utc时间:01时40分51秒  正确纬度:40度48分  正确经度:111度41分  正确日期:2017年05月10日
GPGGA,utc时间:01时40分51秒  正确纬度:40度48分  正确经度:111度41分  卫星09 高度1064

 GPRMC,utc时间:01时40分52秒  正确纬度:40度48分  正确经度:111度41分  正确日期:2017年05月10日
GPGGA,utc时间:01时40分52秒  正确纬度:40度48分  正确经度:111度41分  卫星09 高度1064

 GPRMC,utc时间:01时40分53秒  正确纬度:40度48分  正确经度:111度41分  正确日期:2017年05月10日
GPGGA,utc时间:01时40分53秒  正确纬度:40度48分  正确经度:111度41分  卫星10 高度1063

 GPRMC,utc时间:01时40分54秒  正确纬度:40度48分  正确经度:111度41分  正确日期:2017年05月10日
GPGGA,utc时间:01时40分54秒  正确纬度:40度48分  正确经度:111度41分  卫星09 高度1062

 GPRMC,utc时间:01时40分55秒  正确纬度:40度48分  正确经度:111度41分  正确日期:2017年05月10日
GPGGA,utc时间:01时40分55秒  正确纬度:40度48分  正确经度:111度41分  卫星09 高度1062

 GPRMC,utc时间:01时40分56秒  正确纬度:40度48分  正确经度:111度41分  正确日期:2017年05月10日
GPGGA,utc时间:01时40分56秒  正确纬度:40度48分  正确经度:111度41分  卫星09 高度1061

 GPRMC,utc时间:01时40分57秒  正确纬度:40度48分  正确经度:111度41分  正确日期:2017年05月10日
GPGGA,utc时间:01时40分57秒  正确纬度:40度48分  正确经度:111度41分  卫星10 高度1060

 GPRMC,utc时间:01时40分58秒  正确纬度:40度48分  正确经度:111度41分  正确日期:2017年05月10日
GPGGA,utc时间:01时40分58秒  正确纬度:40度48分  正确经度:111度41分  卫星10 高度1060

 GPRMC,utc时间:01时40分59秒  正确纬度:40度48分  正确经度:111度41分  正确日期:2017年05月10日
GPGGA,utc时间:01时40分59秒  正确纬度:40度48分  正确经度:111度41分  卫星10 高度1059

 GPRMC,utc时间:01时41分00秒  正确纬度:40度48分  正确经度:111度41分  正确日期:2017年05月10日
GPGGA,utc时间:01时41分00秒  正确纬度:40度48分  正确经度:111度41分  卫星10 高度1058

 GPRMC,utc时间:01时41分01秒  正确纬度:40度48分  正确经度:111度41分  正确日期:2017年05月10日
GPGGA,utc时间:01时41分01秒  正确纬度:40度48分  正确经度:111度41分  卫星10 高度1058

 GPRMC,utc时间:01时41分02秒  正确纬度:40度48分  正确经度:111度41分  正确日期:2017年05月10日
GPGGA,utc时间:01时41分02秒  正确纬度:40度48分  正确经度:111度41分  卫星10 高度1058

 GPRMC,utc时间:01时41分03秒  正确纬度:40度48分  正确经度:111度41分  正确日期:2017年05月10日
GPGGA,utc时间:01时41分03秒  正确纬度:40度48分  正确经度:111度41分  卫星10 高度1057

 GPRMC,utc时间:01时41分04秒  正确纬度:40度48分  正确经度:111度41分  正确日期:2017年05月10日
GPGGA,utc时间:01时41分04秒  正确纬度:40度48分  正确经度:111度41分  卫星10 高度1057

 GPRMC,utc时间:01时41分05秒  正确纬度:40度48分  正确经度:111度41分  正确日期:2017年05月10日
GPGGA,utc时间:01时41分05秒  正确纬度:40度48分  正确经度:111度41分  卫星10 高度1056

 GPRMC,utc时间:01时41分06秒  正确纬度:40度48分  正确经度:111度41分  正确日期:2017年05月10日
GPGGA,utc时间:01时41分06秒  正确纬度:40度48分  正确经度:111度41分  卫星10 高度1056

 GPRMC,utc时间:01时41分07秒  正确纬度:40度48分  正确经度:111度41分  正确日期:2017年05月10日
GPGGA,utc时间:01时41分07秒  正确纬度:40度48分  正确经度:111度41分  卫星10 高度1055

 GPRMC,utc时间:01时41分08秒  正确纬度:40度48分  正确经度:111度41分  正确日期:2017年05月10日
GPGGA,utc时间:01时41分08秒  正确纬度:40度48分  正确经度:111度41分  卫星10 高度1055

 GPRMC,utc时间:01时41分09秒  正确纬度:40度48分  正确经度:111度41分  正确日期:2017年05月10日
GPGGA,utc时间:01时41分09秒  正确纬度:40度48分  正确经度:111度41分  卫星10 高度1055

 GPRMC,utc时间:01时41分10秒  正确纬度:40度48分  正确经度:111度41分  正确日期:2017年05月10日
GPGGA,utc时间:01时41分10秒  正确纬度:40度48分  正确经度:111度41分  卫星10 高度1054

 GPRMC,utc时间:01时41分11秒  正确纬度:40度48分  正确经度:111度41分  正确日期:2017年05月10日
GPGGA,utc时间:01时41分11秒  正确纬度:40度48分  正确经度:111度41分  卫星10 高度1054

 GPRMC,utc时间:01时41分12秒  正确纬度:40度48分  正确经度:111度41分  正确日期:2017年05月10日
GPGGA,utc时间:01时41分12秒  正确纬度:40度48分  正确经度:111度41分  卫星10 高度1054

 GPRMC,utc时间:01时41分13秒  正确纬度:40度48分  正确经度:111度41分  正确日期:2017年05月10日
GPGGA,utc时间:01时41分13秒  正确纬度:40度48分  正确经度:111度41分  卫星10 高度1053

 GPRMC,utc时间:01时41分15秒  正确纬度:40度48分  正确经度:111度41分  正确日期:2017年05月10日
GPGGA,utc时间:01时41分15秒  正确纬度:40度48分  正确经度:111度41分  卫星10 高度1054

 GPRMC,utc时间:01时41分15秒  正确纬度:40度48分  正确经度:111度41分  正确日期:2017年05月10日
GPGGA,utc时间:01时41分15秒  正确纬度:40度48分  正确经度:111度41分  卫星10 高度1054

 GPRMC,utc时间:01时41分16秒  正确纬度:40度48分  正确经度:111度41分  正确日期:2017年05月10日
GPGGA,utc时间:01时41分16秒  正确纬度:40度48分  正确经度:111度41分  卫星10 高度1054

 GPRMC,utc时间:01时41分17秒  正确纬度:40度48分  正确经度:111度41分  正确日期:2017年05月10日
GPGGA,utc时间:01时41分17秒  正确纬度:40度48分  正确经度:111度41分  卫星10 高度1054

 GPRMC,utc时间:01时41分18秒  正确纬度:40度48分  正确经度:111度41分  正确日期:2017年05月10日
GPGGA,utc时间:01时41分18秒  正确纬度:40度48分  正确经度:111度41分  卫星10 高度1054

 GPRMC,utc时间:01时41分19秒  正确纬度:40度48分  正确经度:111度41分  正确日期:2017年05月10日
GPGGA,utc时间:01时41分19秒  正确纬度:40度48分  正确经度:111度41分  卫星10 高度1054

 GPRMC,utc时间:01时41分20秒  正确纬度:40度48分  正确经度:111度41分  正确日期:2017年05月10日
GPGGA,utc时间:01时41分20秒  正确纬度:40度48分  正确经度:111度41分  卫星10 高度1054

 GPRMC,utc时间:01时41分21秒  正确纬度:40度48分  正确经度:111度41分  正确日期:2017年05月10日
GPGGA,utc时间:01时41分21秒  正确纬度:40度48分  正确经度:111度41分  卫星10 高度1054

 GPRMC,utc时间:01时41分23秒  正确纬度:40度48分  正确经度:111度41分  正确日期:2017年05月10日
GPGGA,utc时间:01时41分23秒  正确纬度:40度48分  正确经度:111度41分  卫星10 高度1053

 GPRMC,utc时间:01时41分24秒  正确纬度:40度48分  正确经度:111度41分  正确日期:2017年05月10日
GPGGA,utc时间:01时41分24秒  正确纬度:40度48分  正确经度:111度41分  卫星09 高度1053

 GPRMC,utc时间:01时41分24秒  正确纬度:40度48分  正确经度:111度41分  正确日期:2017年05月10日
GPGGA,utc时间:01时41分24秒  正确纬度:40度48分  正确经度:111度41分  卫星10 高度1053

 GPRMC,utc时间:01时41分25秒  正确纬度:40度48分  正确经度:111度41分  正确日期:2017年05月10日
GPGGA,utc时间:01时41分25秒  正确纬度:40度48分  正确经度:111度41分  卫星10 高度1053

 GPRMC,utc时间:01时41分26秒  正确纬度:40度48分  正确经度:111度41分  正确日期:2017年05月10日
GPGGA,utc时间:01时41分26秒  正确纬度:40度48分  正确经度:111度41分  卫星10 高度1053

 GPRMC,utc时间:01时41分27秒  正确纬度:40度48分  正确经度:111度41分  正确日期:2017年05月10日
GPGGA,utc时间:01时41分27秒  正确纬度:40度48分  正确经度:111度41分  卫星10 高度1052

 GPRMC,utc时间:01时41分28秒  正确纬度:40度48分  正确经度:111度41分  正确日期:2017年05月10日
GPGGA,utc时间:01时41分28秒  正确纬度:40度48分  正确经度:111度41分  卫星10 高度1052

 GPRMC,utc时间:01时41分29秒  正确纬度:40度48分  正确经度:111度41分  正确日期:2017年05月10日
GPGGA,utc时间:01时41分29秒  正确纬度:40度48分  正确经度:111度41分  卫星10 高度1052

 GPRMC,utc时间:01时41分30秒  正确纬度:40度48分  正确经度:111度41分  正确日期:2017年05月10日
GPGGA,utc时间:01时41分30秒  正确纬度:40度48分  正确经度:111度41分  卫星10 高度1053

 GPRMC,utc时间:01时41分31秒  正确纬度:40度48分  正确经度:111度41分  正确日期:2017年05月10日
GPGGA,utc时间:01时41分31秒  正确纬度:40度48分  正确经度:111度41分  卫星10 高度1053

 GPRMC,utc时间:01时41分32秒  正确纬度:40度48分  正确经度:111度41分  正确日期:2017年05月10日
GPGGA,utc时间:01时41分32秒  正确纬度:40度48分  正确经度:111度41分  卫星10 高度1052

 GPRMC,utc时间:01时41分33秒  正确纬度:40度48分  正确经度:111度41分  正确日期:2017年05月10日
GPGGA,utc时间:01时41分33秒  正确纬度:40度48分  正确经度:111度41分  卫星10 高度1052

 GPRMC,utc时间:01时41分34秒  正确纬度:40度48分  正确经度:111度41分  正确日期:2017年05月10日
GPGGA,utc时间:01时41分34秒  正确纬度:40度48分  正确经度:111度41分  卫星10 高度1052

 GPRMC,utc时间:01时41分35秒  正确纬度:40度48分  正确经度:111度41分  正确日期:2017年05月10日
GPGGA,utc时间:01时41分35秒  正确纬度:40度48分  正确经度:111度41分  卫星10 高度1051

 GPRMC,utc时间:01时41分36秒  正确纬度:40度48分  正确经度:111度41分  正确日期:2017年05月10日
GPGGA,utc时间:01时41分36秒  正确纬度:40度48分  正确经度:111度41分  卫星10 高度1051

 GPRMC,utc时间:01时41分37秒  正确纬度:40度48分  正确经度:111度41分  正确日期:2017年05月10日
GPGGA,utc时间:01时41分37秒  正确纬度:40度48分  正确经度:111度41分  卫星10 高度1051

 GPRMC,utc时间:01时41分38秒  正确纬度:40度48分  正确经度:111度41分  正确日期:2017年05月10日
GPGGA,utc时间:01时41分38秒  正确纬度:40度48分  正确经度:111度41分  卫星10 高度1051

 GPRMC,utc时间:01时41分40秒  正确纬度:40度48分  正确经度:111度41分  正确日期:2017年05月10日
GPGGA,utc时间:01时41分40秒  正确纬度:40度48分  正确经度:111度41分  卫星10 高度1051

 GPRMC,utc时间:01时41分40秒  正确纬度:40度48分  正确经度:111度41分  正确日期:2017年05月10日
GPGGA,utc时间:01时41分40秒  正确纬度:40度48分  正确经度:111度41分  卫星10 高度1050

 GPRMC,utc时间:01时41分41秒  正确纬度:40度48分  正确经度:111度41分  正确日期:2017年05月10日
GPGGA,utc时间:01时41分41秒  正确纬度:40度48分  正确经度:111度41分  卫星10 高度1050

 GPRMC,utc时间:01时41分42秒  正确纬度:40度48分  正确经度:111度41分  正确日期:2017年05月10日
GPGGA,utc时间:01时41分42秒  正确纬度:40度48分  正确经度:111度41分  卫星10 高度1049

 GPRMC,utc时间:01时41分44秒  正确纬度:40度48分  正确经度:111度41分  正确日期:2017年05月10日
GPGGA,utc时间:01时41分44秒  正确纬度:40度48分  正确经度:111度41分  卫星10 高度1049

 GPRMC,utc时间:01时41分44秒  正确纬度:40度48分  正确经度:111度41分  正确日期:2017年05月10日
GPGGA,utc时间:01时41分44秒  正确纬度:40度48分  正确经度:111度41分  卫星10 高度1049

 GPRMC,utc时间:01时41分45秒  正确纬度:40度48分  正确经度:111度41分  正确日期:2017年05月10日
GPGGA,utc时间:01时41分45秒  正确纬度:40度48分  正确经度:111度41分  卫星10 高度1048

 GPRMC,utc时间:01时41分47秒  正确纬度:40度48分  正确经度:111度41分  正确日期:2017年05月10日
GPGGA,utc时间:01时41分47秒  正确纬度:40度48分  正确经度:111度41分  卫星10 高度1048

 GPRMC,utc时间:01时41分48秒  正确纬度:40度48分  正确经度:111度41分  正确日期:2017年05月10日
GPGGA,utc时间:01时41分48秒  正确纬度:40度48分  正确经度:111度41分  卫星10 高度1047

 GPRMC,utc时间:01时41分48秒  正确纬度:40度48分  正确经度:111度41分  正确日期:2017年05月10日
GPGGA,utc时间:01时41分48秒  正确纬度:40度48分  正确经度:111度41分  卫星10 高度1047

 GPRMC,utc时间:01时41分49秒  正确纬度:40度48分  正确经度:111度41分  正确日期:2017年05月10日
GPGGA,utc时间:01时41分49秒  正确纬度:40度48分  正确经度:111度41分  卫星10 高度1046

 GPRMC,utc时间:01时41分50秒  正确纬度:40度48分  正确经度:111度41分  正确日期:2017年05月10日
GPGGA,utc时间:01时41分50秒  正确纬度:40度48分  正确经度:111度41分  卫星10 高度1046

 GPRMC,utc时间:01时41分51秒  正确纬度:40度48分  正确经度:111度41分  正确日期:2017年05月10日
GPGGA,utc时间:01时41分51秒  正确纬度:40度48分  正确经度:111度41分  卫星10 高度1046

 GPRMC,utc时间:01时41分52秒  正确纬度:40度48分  正确经度:111度41分  正确日期:2017年05月10日
GPGGA,utc时间:01时41分52秒  正确纬度:40度48分  正确经度:111度41分  卫星10 高度1046

 GPRMC,utc时间:01时41分53秒  正确纬度:40度48分  正确经度:111度41分  正确日期:2017年05月10日
GPGGA,utc时间:01时41分53秒  正确纬度:40度48分  正确经度:111度41分  卫星10 高度1045

 GPRMC,utc时间:01时41分54秒  正确纬度:40度48分  正确经度:111度41分  正确日期:2017年05月10日
GPGGA,utc时间:01时41分54秒  正确纬度:40度48分  正确经度:111度41分  卫星10 高度1045

 GPRMC,utc时间:01时41分55秒  正确纬度:40度48分  正确经度:111度41分  正确日期:2017年05月10日
GPGGA,utc时间:01时41分55秒  正确纬度:40度48分  正确经度:111度41分  卫星10 高度1045

 GPRMC,utc时间:01时41分56秒  正确纬度:40度48分  正确经度:111度41分  正确日期:2017年05月10日
GPGGA,utc时间:01时41分56秒  正确纬度:40度48分  正确经度:111度41分  卫星10 高度1045

 GPRMC,utc时间:01时41分57秒  正确纬度:40度48分  正确经度:111度41分  正确日期:2017年05月10日
GPGGA,utc时间:01时41分57秒  正确纬度:40度48分  正确经度:111度41分  卫星10 高度1044

 GPRMC,utc时间:01时41分58秒  正确纬度:40度48分  正确经度:111度41分  正确日期:2017年05月10日
GPGGA,utc时间:01时41分58秒  正确纬度:40度48分  正确经度:111度41分  卫星10 高度1044

 GPRMC,utc时间:01时41分59秒  正确纬度:40度48分  正确经度:111度41分  正确日期:2017年05月10日
GPGGA,utc时间:01时41分59秒  正确纬度:40度48分  正确经度:111度41分  卫星10 高度1044

 GPRMC,utc时间:01时42分00秒  正确纬度:40度48分  正确经度:111度41分  正确日期:2017年05月10日
GPGGA,utc时间:01时42分00秒  正确纬度:40度48分  正确经度:111度41分  卫星10 高度1043

 GPRMC,utc时间:01时42分01秒  正确纬度:40度48分  正确经度:111度41分  正确日期:2017年05月10日
GPGGA,utc时间:01时42分01秒  正确纬度:40度48分  正确经度:111度41分  卫星10 高度1043

 GPRMC,utc时间:01时42分02秒  正确纬度:40度48分  正确经度:111度41分  正确日期:2017年05月10日
GPGGA,utc时间:01时42分02秒  正确纬度:40度48分  正确经度:111度41分  卫星10 高度1043

 GPRMC,utc时间:01时42分03秒  正确纬度:40度48分  正确经度:111度41分  正确日期:2017年05月10日
GPGGA,utc时间:01时42分03秒  正确纬度:40度48分  正确经度:111度41分  卫星09 高度1042

 GPRMC,utc时间:01时42分04秒  正确纬度:40度48分  正确经度:111度41分  正确日期:2017年05月10日
GPGGA,utc时间:01时42分04秒  正确纬度:40度48分  正确经度:111度41分  卫星10 高度1042

 GPRMC,utc时间:01时42分05秒  正确纬度:40度48分  正确经度:111度41分  正确日期:2017年05月10日
GPGGA,utc时间:01时42分05秒  正确纬度:40度48分  正确经度:111度41分  卫星10 高度1042

 GPRMC,utc时间:01时42分06秒  正确纬度:40度48分  正确经度:111度41分  正确日期:2017年05月10日
GPGGA,utc时间:01时42分06秒  正确纬度:40度48分  正确经度:111度41分  卫星10 高度1042

 GPRMC,utc时间:01时42分07秒  正确纬度:40度48分  正确经度:111度41分  正确日期:2017年05月10日
GPGGA,utc时间:01时42分07秒  正确纬度:40度48分  正确经度:111度41分  卫星10 高度1041

 GPRMC,utc时间:01时42分08秒  正确纬度:40度48分  正确经度:111度41分  正确日期:2017年05月10日
GPGGA,utc时间:01时42分08秒  正确纬度:40度48分  正确经度:111度41分  卫星10 高度1041

 GPRMC,utc时间:01时42分09秒  正确纬度:40度48分  正确经度:111度41分  正确日期:2017年05月10日
GPGGA,utc时间:01时42分09秒  正确纬度:40度48分  正确经度:111度41分  卫星10 高度1041

 GPRMC,utc时间:01时42分10秒  正确纬度:40度48分  正确经度:111度41分  正确日期:2017年05月10日
GPGGA,utc时间:01时42分10秒  正确纬度:40度48分  正确经度:111度41分  卫星10 高度1041

 GPRMC,utc时间:01时42分11秒  正确纬度:40度48分  正确经度:111度41分  正确日期:2017年05月10日
GPGGA,utc时间:01时42分11秒  正确纬度:40度48分  正确经度:111度41分  卫星10 高度1042

 GPRMC,utc时间:01时42分13秒  正确纬度:40度48分  正确经度:111度41分  正确日期:2017年05月10日
GPGGA,utc时间:01时42分13秒  正确纬度:40度48分  正确经度:111度41分  卫星10 高度1042

 GPRMC,utc时间:01时42分14秒  正确纬度:40度48分  正确经度:111度41分  正确日期:2017年05月10日
GPGGA,utc时间:01时42分14秒  正确纬度:40度48分  正确经度:111度41分  卫星10 高度1042

 GPRMC,utc时间:01时42分14秒  正确纬度:40度48分  正确经度:111度41分  正确日期:2017年05月10日
GPGGA,utc时间:01时42分14秒  正确纬度:40度48分  正确经度:111度41分  卫星10 高度1041

 GPRMC,utc时间:01时42分15秒  正确纬度:40度48分  正确经度:111度41分  正确日期:2017年05月10日
GPGGA,utc时间:01时42分15秒  正确纬度:40度48分  正确经度:111度41分  卫星10 高度1041

 GPRMC,utc时间:01时42分16秒  正确纬度:40度48分  正确经度:111度41分  正确日期:2017年05月10日
GPGGA,utc时间:01时42分16秒  正确纬度:40度48分  正确经度:111度41分  卫星10 高度1041

 GPRMC,utc时间:01时42分18秒  正确纬度:40度48分  正确经度:111度41分  正确日期:2017年05月10日
GPGGA,utc时间:01时42分18秒  正确纬度:40度48分  正确经度:111度41分  卫星10 高度1041

 GPRMC,utc时间:01时42分18秒  正确纬度:40度48分  正确经度:111度41分  正确日期:2017年05月10日
GPGGA,utc时间:01时42分18秒  正确纬度:40度48分  正确经度:111度41分  卫星10 高度1041

 GPRMC,utc时间:01时42分20秒  正确纬度:40度48分  正确经度:111度41分  正确日期:2017年05月10日
GPGGA,utc时间:01时42分20秒  正确纬度:40度48分  正确经度:111度41分  卫星10 高度1041

 GPRMC,utc时间:01时42分20秒  正确纬度:40度48分  正确经度:111度41分  正确日期:2017年05月10日
GPGGA,utc时间:01时42分20秒  正确纬度:40度48分  正确经度:111度41分  卫星10 高度1042

 GPRMC,utc时间:01时42分21秒  正确纬度:40度48分  正确经度:111度41分  正确日期:2017年05月10日
GPGGA,utc时间:01时42分21秒  正确纬度:40度48分  正确经度:111度41分  卫星10 高度1042

 GPRMC,utc时间:01时42分23秒  正确纬度:40度48分  正确经度:111度41分  正确日期:2017年05月10日
GPGGA,utc时间:01时42分23秒  正确纬度:40度48分  正确经度:111度41分  卫星10 高度1042

 GPRMC,utc时间:01时42分23秒  正确纬度:40度48分  正确经度:111度41分  正确日期:2017年05月10日
GPGGA,utc时间:01时42分23秒  正确纬度:40度48分  正确经度:111度41分  卫星10 高度1042

 GPRMC,utc时间:01时42分24秒  正确纬度:40度48分  正确经度:111度41分  正确日期:2017年05月10日
GPGGA,utc时间:01时42分24秒  正确纬度:40度48分  正确经度:111度41分  卫星10 高度1042

 GPRMC,utc时间:01时42分26秒  正确纬度:40度48分  正确经度:111度41分  正确日期:2017年05月10日
GPGGA,utc时间:01时42分26秒  正确纬度:40度48分  正确经度:111度41分  卫星10 高度1042

 GPRMC,utc时间:01时42分26秒  正确纬度:40度48分  正确经度:111度41分  正确日期:2017年05月10日
GPGGA,utc时间:01时42分26秒  正确纬度:40度48分  正确经度:111度41分  卫星10 高度1043

 GPRMC,utc时间:01时42分28秒  正确纬度:40度48分  正确经度:111度41分  正确日期:2017年05月10日
GPGGA,utc时间:01时42分28秒  正确纬度:40度48分  正确经度:111度41分  卫星10 高度1043

 GPRMC,utc时间:01时42分28秒  正确纬度:40度48分  正确经度:111度41分  正确日期:2017年05月10日
GPGGA,utc时间:01时42分28秒  正确纬度:40度48分  正确经度:111度41分  卫星10 高度1044

 GPRMC,utc时间:01时42分30秒  正确纬度:40度48分  正确经度:111度41分  正确日期:2017年05月10日
GPGGA,utc时间:01时42分30秒  正确纬度:40度48分  正确经度:111度41分  卫星10 高度1044

 GPRMC,utc时间:01时42分31秒  正确纬度:40度48分  正确经度:111度41分  正确日期:2017年05月10日
GPGGA,utc时间:01时42分31秒  正确纬度:40度48分  正确经度:111度41分  卫星10 高度1044

 GPRMC,utc时间:01时42分32秒  正确纬度:40度48分  正确经度:111度41分  正确日期:2017年05月10日
GPGGA,utc时间:01时42分32秒  正确纬度:40度48分  正确经度:111度41分  卫星10 高度1045

 GPRMC,utc时间:01时42分32秒  正确纬度:40度48分  正确经度:111度41分  正确日期:2017年05月10日
GPGGA,utc时间:01时42分32秒  正确纬度:40度48分  正确经度:111度41分  卫星10 高度1045

 GPRMC,utc时间:01时42分33秒  正确纬度:40度48分  正确经度:111度41分  正确日期:2017年05月10日
GPGGA,utc时间:01时42分33秒  正确纬度:40度48分  正确经度:111度41分  卫星10 高度1046

 GPRMC,utc时间:01时42分35秒  正确纬度:40度48分  正确经度:111度41分  正确日期:2017年05月10日
GPGGA,utc时间:01时42分35秒  正确纬度:40度48分  正确经度:111度41分  卫星10 高度1046

 GPRMC,utc时间:01时42分35秒  正确纬度:40度48分  正确经度:111度41分  正确日期:2017年05月10日
GPGGA,utc时间:01时42分35秒  正确纬度:40度48分  正确经度:111度41分  卫星10 高度1047

 GPRMC,utc时间:01时42分37秒  正确纬度:40度48分  正确经度:111度41分  正确日期:2017年05月10日
GPGGA,utc时间:01时42分37秒  正确纬度:40度48分  正确经度:111度41分  卫星10 高度1047

 GPRMC,utc时间:01时42分37秒  正确纬度:40度48分  正确经度:111度41分  正确日期:2017年05月10日
GPGGA,utc时间:01时42分37秒  正确纬度:40度48分  正确经度:111度41分  卫星10 高度1047

 GPRMC,utc时间:01时42分39秒  正确纬度:40度48分  正确经度:111度41分  正确日期:2017年05月10日
GPGGA,utc时间:01时42分39秒  正确纬度:40度48分  正确经度:111度41分  卫星10 高度1048

 GPRMC,utc时间:01时42分39秒  正确纬度:40度48分  正确经度:111度41分  正确日期:2017年05月10日
GPGGA,utc时间:01时42分39秒  正确纬度:40度48分  正确经度:111度41分  卫星10 高度1048

 GPRMC,utc时间:01时42分40秒  正确纬度:40度48分  正确经度:111度41分  正确日期:2017年05月10日
GPGGA,utc时间:01时42分40秒  正确纬度:40度48分  正确经度:111度41分  卫星10 高度1048

 GPRMC,utc时间:01时42分41秒  正确纬度:40度48分  正确经度:111度41分  正确日期:2017年05月10日
GPGGA,utc时间:01时42分41秒  正确纬度:40度48分  正确经度:111度41分  卫星10 高度1049

 GPRMC,utc时间:01时42分42秒  正确纬度:40度48分  正确经度:111度41分  正确日期:2017年05月10日
GPGGA,utc时间:01时42分42秒  正确纬度:40度48分  正确经度:111度41分  卫星10 高度1049

 GPRMC,utc时间:01时42分44秒  正确纬度:40度48分  正确经度:111度41分  正确日期:2017年05月10日
GPGGA,utc时间:01时42分44秒  正确纬度:40度48分  正确经度:111度41分  卫星10 高度1049

 GPRMC,utc时间:01时42分44秒  正确纬度:40度48分  正确经度:111度41分  正确日期:2017年05月10日
GPGGA,utc时间:01时42分44秒  正确纬度:40度48分  正确经度:111度41分  卫星10 高度1049

 GPRMC,utc时间:01时42分45秒  正确纬度:40度48分  正确经度:111度41分  正确日期:2017年05月10日
GPGGA,utc时间:01时42分45秒  正确纬度:40度48分  正确经度:111度41分  卫星10 高度1049

 GPRMC,utc时间:01时42分47秒  正确纬度:40度48分  正确经度:111度41分  正确日期:2017年05月10日
GPGGA,utc时间:01时42分47秒  正确纬度:40度48分  正确经度:111度41分  卫星10 高度1049

 GPRMC,utc时间:01时42分47秒  正确纬度:40度48分  正确经度:111度41分  正确日期:2017年05月10日
GPGGA,utc时间:01时42分47秒  正确纬度:40度48分  正确经度:111度41分  卫星10 高度1049

 GPRMC,utc时间:01时42分49秒  正确纬度:40度48分  正确经度:111度41分  正确日期:2017年05月10日
GPGGA,utc时间:01时42分49秒  正确纬度:40度48分  正确经度:111度41分  卫星10 高度1050

 GPRMC,utc时间:01时42分50秒  正确纬度:40度48分  正确经度:111度41分  正确日期:2017年05月10日
GPGGA,utc时间:01时42分50秒  正确纬度:40度48分  正确经度:111度41分  卫星10 高度1050

 GPRMC,utc时间:01时42分50秒  正确纬度:40度48分  正确经度:111度41分  正确日期:2017年05月10日
GPGGA,utc时间:01时42分50秒  正确纬度:40度48分  正确经度:111度41分  卫星10 高度1050

 GPRMC,utc时间:01时42分52秒  正确纬度:40度48分  正确经度:111度41分  正确日期:2017年05月10日
GPGGA,utc时间:01时42分52秒  正确纬度:40度48分  正确经度:111度41分  卫星10 高度1050

 GPRMC,utc时间:01时42分53秒  正确纬度:40度48分  正确经度:111度41分  正确日期:2017年05月10日
GPGGA,utc时间:01时42分53秒  正确纬度:40度48分  正确经度:111度41分  卫星10 高度1050

 GPRMC,utc时间:01时42分53秒  正确纬度:40度48分  正确经度:111度41分  正确日期:2017年05月10日
GPGGA,utc时间:01时42分53秒  正确纬度:40度48分  正确经度:111度41分  卫星10 高度1050

 GPRMC,utc时间:01时42分55秒  正确纬度:40度48分  正确经度:111度41分  正确日期:2017年05月10日
GPGGA,utc时间:01时42分55秒  正确纬度:40度48分  正确经度:111度41分  卫星10 高度1050

 GPRMC,utc时间:01时42分56秒  正确纬度:40度48分  正确经度:111度41分  正确日期:2017年05月10日
GPGGA,utc时间:01时42分56秒  正确纬度:40度48分  正确经度:111度41分  卫星10 高度1050

 GPRMC,utc时间:01时42分56秒  正确纬度:40度48分  正确经度:111度41分  正确日期:2017年05月10日
GPGGA,utc时间:01时42分56秒  正确纬度:40度48分  正确经度:111度41分  卫星10 高度1050

 GPRMC,utc时间:01时42分58秒  正确纬度:40度48分  正确经度:111度41分  正确日期:2017年05月10日
GPGGA,utc时间:01时42分58秒  正确纬度:40度48分  正确经度:111度41分  卫星10 高度1050

 GPRMC,utc时间:01时42分58秒  正确纬度:40度48分  正确经度:111度41分  正确日期:2017年05月10日
GPGGA,utc时间:01时42分58秒  正确纬度:40度48分  正确经度:111度41分  卫星10 高度1050

 GPRMC,utc时间:01时43分00秒  正确纬度:40度48分  正确经度:111度41分  正确日期:2017年05月10日
GPGGA,utc时间:01时43分00秒  正确纬度:40度48分  正确经度:111度41分  卫星09 高度1050

 GPRMC,utc时间:01时43分00秒  正确纬度:40度48分  正确经度:111度41分  正确日期:2017年05月10日
GPGGA,utc时间:01时43分00秒  正确纬度:40度48分  正确经度:111度41分  卫星09 高度1050

 GPRMC,utc时间:01时43分02秒  正确纬度:40度48分  正确经度:111度41分  正确日期:2017年05月10日
GPGGA,utc时间:01时43分02秒  正确纬度:40度48分  正确经度:111度41分  卫星09 高度1050

 GPRMC,utc时间:01时43分03秒  正确纬度:40度48分  正确经度:111度41分  正确日期:2017年05月10日
GPGGA,utc时间:01时43分03秒  正确纬度:40度48分  正确经度:111度41分  卫星09 高度1050

 GPRMC,utc时间:01时43分03秒  正确纬度:40度48分  正确经度:111度41分  正确日期:2017年05月10日
GPGGA,utc时间:01时43分03秒  正确纬度:40度48分  正确经度:111度41分  卫星09 高度1050

 GPRMC,utc时间:01时43分05秒  正确纬度:40度48分  正确经度:111度41分  正确日期:2017年05月10日
GPGGA,utc时间:01时43分05秒  正确纬度:40度48分  正确经度:111度41分  卫星09 高度1050

 GPRMC,utc时间:01时43分05秒  正确纬度:40度48分  正确经度:111度41分  正确日期:2017年05月10日
GPGGA,utc时间:01时43分05秒  正确纬度:40度48分  正确经度:111度41分  卫星09 高度1050

 GPRMC,utc时间:01时43分06秒  正确纬度:40度48分  正确经度:111度41分  正确日期:2017年05月10日
GPGGA,utc时间:01时43分06秒  正确纬度:40度48分  正确经度:111度41分  卫星09 高度1050

 GPRMC,utc时间:01时43分07秒  正确纬度:40度48分  正确经度:111度41分  正确日期:2017年05月10日
GPGGA,utc时间:01时43分07秒  正确纬度:40度48分  正确经度:111度41分  卫星09 高度1050

 GPRMC,utc时间:01时43分09秒  正确纬度:40度48分  正确经度:111度41分  正确日期:2017年05月10日
GPGGA,utc时间:01时43分09秒  正确纬度:40度48分  正确经度:111度41分  卫星09 高度1050

 GPRMC,utc时间:01时43分10秒  正确纬度:40度48分  正确经度:111度41分  正确日期:2017年05月10日
GPGGA,utc时间:01时43分10秒  正确纬度:40度48分  正确经度:111度41分  卫星09 高度1050

 GPRMC,utc时间:01时43分10秒  正确纬度:40度48分  正确经度:111度41分  正确日期:2017年05月10日
GPGGA,utc时间:01时43分10秒  正确纬度:40度48分  正确经度:111度41分  卫星09 高度1050

 